Spanish,English,French,Chinese,Topic,Sub-topic,AudioOK,ImageOK,EnglishAudio,SpanishAudio,Image,Original image name,Copyright (if any),Missing,Existing,New,Comments,frenchaudio,chineseaudio
por favor,please,,请,Essentials,,✓,✓,oas_eng_please,oas_spa_por_favor,por_favor,bigstock--126730115,,,,X,"En el ipad, el usuario no sabe que debe traer los circulos al frente para verlos más grandes. Desde diseño los temas más importantes deben venir en círculos más grandes. Este es el caso de Essentials, que debe ser lo primero que el estudiante aprende, pero que el diseño no se lo sugiere. ",,
gracias,thank you,,谢谢你,Essentials,,✓,x,oas_eng_thank_you,oas_spa_gracias,gracias,bigstock-The-Joy-Of-Life-119561765,,,,X,,,
De nada.,You’re welcome.,,不客气／不用谢,Essentials,,✓,x,oas_eng_youre_welcome,oas_spa_de_nada,de_nada,,,,,X,"Corregir apóstrofe en inglés, están usando tilde.",,
Perdón.,Excuse me.,,对不起／请原谅／抱歉／劳驾,Essentials,,✓,✓,oas_eng_excuse_me,oas_spa_perdon,Perdon,shutterstock_425071468,,,,X,,,
Lo siento.,I’m sorry,,对不起,Essentials,,✓,x,oas_eng_im_sorry,oas_spa_lo_siento,lo_siento,shutterstock_333133535,,,,X,"Corregir apóstrofe en inglés, están usando tilde.",,
hacer la maleta,to pack,,收拾行李,Packing,,NA,NA,oas_eng_packing,oas_spa_hacer_la_maleta,hacer_la_maleta,shutterstock_310309028,,,,X,El círculo debe decir Packing en lugar de Baggage,,
treinta y dos,thirty-two,,三十二,Numbers,Cardinal,✓,x (tamaño),oas_eng_thirty_two,oas_spa_treinta_y_dos,32,shutterstock_102423025,,,X,,,,
el despertador,alarm clock,,闹钟,Packing,,✓,✓,oas_eng_alarm_clock,oas_spa_el_despertador,despertador,bigstock-Rise-And-Shine--366789,,,,X,,,
auriculares,headphones,,,Packing,,x,x,,,auriculares,shutterstock_116099650,,,,X,,,
tercero,third,,第三,Numbers,Ordinal,✓,x (tamaño),oas_eng_third,oas_spa_tercero,3rd,shutterstock_325503053,,,X,,,,
quinto,fifth,,第五,Numbers,Ordinal,✓,x (tamaño),oas_eng_fifth,oas_spa_quinto,5th,shutterstock_434604319,,,X,,,,
el maletín,briefcase,,公文包,Packing,,✓,✓,oas_eng_briefcase,oas_spa_el_maletin,maletin,bigstock-Black-leather-briefcase-103874597,,,,X,,,
la cámara,camera,,照相机,Packing,,✓,✓,oas_eng_camera,oas_spa_la_camara,camara,bigstock-Photography-Hobby-119082725,,,,X,,,
"el teléfono celular, el móvil (Esp.)",cellphone,,手机,Packing,,✓,✓,oas_eng_cell_phone,oas_spa_el_telefono_celular,celular,shutterstock_103792316,,,,X,,,
la ropa,clothing,,衣物,Packing,,✓,✓,oas_eng_clothing,oas_spa_la_ropa,ropa,shutterstock_89416408,,,,X,,,
los lentes de contacto,contact lenses,,隐形眼镜,Packing,,✓,✓,oas_eng_contact_lenses,oas_spa_los_lentes_de_contacto,lentes_de_contacto,bigstock-Contact-Lens-28299233,,,,X,,,
la tarjeta de crédito,credit card,,信用卡,Packing,,✓,✓,oas_eng_credit_card,oas_spa_la_tarjeta_de_credito,tarjeta_de_credito,bigstock-Male-hand-showing-credit-card-19469411,,,,X,,,
a la izquierda,left,,左边,Conversation,Directions,✓,x (tamaño),oas_eng_left,oas_spa_a_la_izquierda,a_la_izquierda,,,,X,,,,
el botiquín de primeros auxilios,first-aid kit,,急救包,Packing,,x,✓,oas_eng_first-aid_kit,oas_spa_botiquin_primeros_auxilios,botiquin,bigstock-First-aid-kit-isolated-16977680,,,,X,,,
la linterna,flashlight,,手电筒,Packing,,✓,x,oas_eng_flashlight,oas_spa_la_linterna,la_linterna,shutterstock_277212794,,,X,,,,
"las gafas, los anteojos",glasses,,眼镜,Packing,,✓,x,oas_eng_glasses,oas_spa_las_gafas,gafas,gafas,,,X,,,,
el dinero,money,,钱,Packing,,✓,x,oas_eng_money,oas_spa_el_dinero,dinero,dinero,,,X,,,,
el pasaporte,passport,,护照,Packing,,✓,✓,oas_eng_passport,oas_spa_el_pasaporte,pasaporte,bigstock-Passports-104190974,,,,X,,,
"la bolsa, el bolso (Esp.)",pocketbook,,口袋书／袖珍本,Packing,,✓,✓,oas_eng_pocketbook,oas_spa_la_bolsa,pocketbook,shutterstock_131292965,,,,X,,,
Abierto,Open,,打开,Signage,,✓,x (pixelada),oas_eng_open,oas_spa_abierto,abierto,shutterstock_50953621,,,X,X,no debería tener mayúscula inicial,,
el abrigo,coat,,外套,Clothing,,✓,x (pixelada),oas_eng_coat,oas_spa_el_abrigo,abrigo,,,,X,,,,
la guía,travel guide,,旅游指南,Packing,,✓,x,oas_eng_travel_guide,oas_spa_la_guia,,,,,,X,,,
abril,April,,四月,Time,Months,✓,x (pixelada),oas_eng_april,oas_spa_abril,abril,,,,X,,,,
"la visa, el visado (Esp.)",visa,,签证,Packing,,✓,✓,oas_eng_visa,oas_spa_la_visa,visa,shutterstock_397569799,,,,X,,,
"la cartera, la billetera",wallet,,钱包,Packing,,✓,✓,oas_eng_wallet,oas_spa_la_cartera,billetera,,,,X,,,,
En el médico,At the doctor,,看医生,Doctor,,NA,NA,oas_eng_at_the_doctor,oas_spa_en_el_medico,,shutterstock_149160509,,,,X,,,
Estoy enfermo/a.,I’m sick.,,我生病了。,Doctor,,✓,✓,oas_eng_im_sick,oas_spa_estoy_enfermo,Estoy-enferma,shutterstock_390256660,,,,X,"Corregir apóstrofe en inglés, están usando tilde.",,
medicamento,medicine,,,,,x,✓,oas_eng_medicine,oas_spa_medicamento,medicamento,bigstock-Medicine-and-Chemical-Structur-91076057,,,,X,,,
Me duele (el/la)___.,My ___ hurts.,,我___疼。,Doctor,,✓,x,oas_eng_my_hurts,oas_spa_me_duele_el,,shutterstock_50967766,,,,X,,,
el brazo,arm,,手臂,Doctor,,✓,✓,oas_eng_arm,oas_spa_el_brazo,brazo,,,,X,,,,
el codo,elbow,,手肘,Doctor,,✓,✓,oas_eng_elbow,oas_spa_el_codo,codo,bigstock--131674187,,,,X,,,
la muñeca,wrist,,手腕,Doctor,,✓,x,oas_eng_wrist,oas_spa_la_muneca,,,,,X,,,,
la espalda,back,,背,Doctor,,✓,✓,oas_eng_back,oas_spa_la_espalda,espalda,bigstock-Athletic-woman-touching-neck-a-83021996,,,,X,,,
el cuello,neck,,颈脖,Doctor,,✓,✓,oas_eng_neck,oas_spa_el_cuello,cuello,bigstock-Neck-Pain--Male-Anatomy-Sport-113298599,,,,X,,,
el pecho,chest,,胸,Doctor,,✓,✓,oas_eng_chest,oas_spa_el_pecho,pecho,shutterstock_145838060,,,,X,,,
la acera,sidewalk,,人行道,Traveling,Town,✓,x (pixelada),oas_eng_sidewalk,oas_spa_la_acera,acera_la_vereda,,,,X,,,,
"la oreja, el oído",ear,,耳朵,Doctor,,✓,x,oas_eng_ear,oas_spa_el_oido,oido,shutterstock_383358217,,,,X,,,
la nariz,nose,,鼻子,Doctor,,x,✓,oas_eng_nose,oas_spa_la_nariz,nariz,bigstock-a-fake-mustache-nose-and-eyeg-106139300,,,,X,"Error en español. Dice: ""a nariz"", debe decir: ""la nariz"".",,
la garganta,throat,,喉咙,Doctor,,✓,✓,oas_eng_throat,oas_spa_la_garganta,garganta,shutterstock_177004769,,,,X,,,
el ojo,eye,,眼睛,Doctor,,✓,✓,oas_eng_eye,oas_spa_el_ojo,ojo,shutterstock_157742240,,,,X,,,
el pie,foot,,脚,Doctor,,✓,✓,oas_eng_foot,oas_spa_el_pie,pie,bigstock-Pain-In-The-Foot-Massage-Of-F-112936820,,,,X,,,
el dedo del pie,toe,,脚趾,Doctor,,✓,✓,oas_eng_toe,oas_spa_el_dedo_del_pie,dedo_del_pie,bigstock-Tender-interior-photo-of-cute--89924018,,,,X,,,
al aeropuerto,at the airport,,飞机场,Traveling,Airport,✓,x (pixelada),oas_eng_at_the_airport,oas_spa_al_aeropuerto,aeropuerto,,,,X,,,,
Agencia de Viajes,Travel Agency,,旅行社,Signage,,✓,x (pixelada),oas_eng_travel_agency,oas_spa_agencia_de_viajes,agencia_de_viajes,,,,X,,,,
la uña,fingernail,,手指甲,Doctor,,✓,✓,oas_eng_fingernail,oas_spa_la_una,una,shutterstock_302160734,,,,X,,,
la cabeza,head,,头,Doctor,,✓,✓,oas_eng_head,oas_spa_la_cabeza,cabeza,shutterstock_317215418,,,,X,,,
la cara,face,,脸,Doctor,,✓,✓,oas_eng_face,oas_spa_la_cara,cara,bigstock-Beautiful-Woman-with-Clean-Fre-95095787,,,,X,,,
"la piel, la tez",skin,,皮肤,Doctor,,✓,x,oas_eng_skin,oas_spa_la_piel,,,,,,X,,,
agosto,August,,八月,Time,Months,✓,x (pixelada),oas_eng_august,oas_spa_agosto,agosto,,,,X,,,,
la rodilla,knee,,膝盖,Doctor,,✓,✓,oas_eng_knee,oas_spa_la_rodilla,rodilla,bigstock-Running-injury--Man-jogging-w-65610427.jpg,,,,X,,,
el tobillo,ankle,,脚踝,Doctor,,✓,x,oas_eng_ankle,oas_spa_el_tobillo,,,,,,X,,,
la boca,mouth,,嘴,Doctor,,✓,✓,oas_eng_mouth,oas_spa_la_boca,boca,,,,X,,,,
los labios,lips,,嘴唇,Doctor,,✓,✓,oas_eng_lip,oas_spa_los_labios,labios,bigstock-Close-up-Shot-Of-Woman-Lips-Wi-139805609,,,,X,,,
la lengua,tongue,,舌头,Doctor,,✓,✓,oas_eng_tongue,oas_spa_la_lengua,lengua,,,,X,,,,
el hombro,shoulder,,肩膀,Doctor,,✓,✓,oas_eng_shoulder,oas_spa_el_hombro,hombro,bigstock-Woman-With-Pain-In-Shoulder-P-95773907.jpg,,,,X,,,
el estómago,stomach,,胃,Doctor,,✓,✓,oas_eng_stomach,oas_spa_el_estomago,estomago,bigstock-Pain-in-stomach-114457190,,,,X,,,
el diente,tooth,,牙齿,Doctor,,✓,✓,oas_eng_tooth,oas_spa_el_diente,diente,bigstock-Dentist--129869771,,,,X,,,
Necesito (un/una) ...,I need a/an ...,,我需要一（个）_____,Doctor,,✓,✓,oas_eng_i_need_a/an,oas_spa_necesito_(un/una),necesito,shutterstock_345749960,,,,X,,,
una ambulancia,ambulance,,救护车,Doctor,,✓,x,oas_eng_ambulance,oas_spa_una_ambulancia,,,,,,X,,,
el agua (con/sin gas),water (with/without bubbles),,水（有/无气泡）,Food,Drink,✓,x (pixelada),oas_eng_water_(with/without_bubbles),oas_spa_el_agua_(con/sin_gas),agua,,,,X,,,,
ahora,now,,现在,Time,Hours,✓,x (pixelada),oas_eng_now,oas_spa_ahora,ahora,,,,X,,,,
un hospital,hospital,,医院,Doctor,,✓,✓,oas_eng_hospital,oas_spa_un_hospital,hospital,bigstock-Modern-Hospital-6226852,,,,X,,,
una clínica,clinic,,诊所,Doctor,,✓,✓,oas_eng_clinic,oas_spa_una_clinica,clinica,shutterstock_392778373,,,,X,,,
el ajo,garlic,,大蒜,Food,Names,✓,x (pixelada),oas_eng_garlic,oas_spa_el_ajo,ajo,,,,X,,,,
una farmacia,pharmacy/drugstore,,药房,Doctor,,NA,NA,oas_eng_pharmacy,oas_spa_una_farmacia,,,,,,X,,,
En la farmacia,At the pharmacy,,在药店,Pharmacy,,NA,NA,oas_eng_at_the_pharmacy,oas_spa_en_la_farmacia,,,,,,X,,,
la aspirina,aspirin,,阿司匹林,Pharmacy,,✓,x,oas_eng_aspirin,oas_spa_la_aspirina,,,,,,X,,,
la tirita,band-aid,,创可贴,Pharmacy,,✓,✓,oas_eng_band-aid,oas_spa_la_tirita,tirita,bigstock-Band-aid-100805090,,,,X,,,
el peine,comb,,梳子,Pharmacy,,✓,x,oas_eng_comb,oas_spa_el_peine,,,,,X,,,,
el cepillo,brush,,刷子,Pharmacy,,✓,x,oas_eng_brush,oas_spa_el_cepillo,,,,,X,,,,
el repelente de insectos,insect repellent,,防虫剂,Pharmacy,,✓,✓,oas_eng_insect_repellent,oas_spa_el_repelente_de_insectos,repelente,bigstock-Woman-spraying-insect-repellen-69493825,,,,X,,,
la loción,lotion,,霜,Pharmacy,,✓,✓,oas_eng_lotion,oas_spa_la_locion,locion,shutterstock_253507726,,,,X,,,
el analgésico,pain reliever,,止痛剂,Pharmacy,,✓,✓,oas_eng_pain_reliever,oas_spa_el_analgesico,analgesico,shutterstock_315858293,,,,X,,,
"la maquinilla de afeitar, la afeitadora",razor,,剃刀,Pharmacy,,✓,✓,oas_eng_razor,oas_spa_la_maquinilla_de_afeitar,afeitadora,bigstock--139713695,,,,X,,,
allí,there,,那里,Conversation,Directions,✓,x (pixelada),oas_eng_there,oas_spa_alli,alli,,,,X,,,,
el champú,shampoo,,洗发露,Pharmacy,,✓,✓,oas_eng_shampoo,oas_spa_el_champu,shampoo,bigstock--138960125,,,,X,,,
la crema solar,sunscreen,,防晒霜,Pharmacy,,✓,✓,oas_eng_sunscreen,oas_spa_la_crema_solar,crema_solar,bigstock-Female-hands-with-suncream-bot-120362066,,,,X,,,
el cepillo de dientes,toothbrush,,牙刷,Pharmacy,,✓,✓,oas_eng_toothbrush,oas_spa_el_cepillo_de_dientes,cepillo_de_dientes,bigstock-Multicolor-Toothbrushes-112393934,,,,X,,,
la pasta dentífrica,toothpaste,,牙膏,Pharmacy,,✓,✓,oas_eng_toothpaste,oas_spa_la_pasta_dentifrica,pasta_dentifrica,bigstock-tube-of-toothpaste-on-a-white--124384970,,,,X,,,
En una emergencia,In an emergency,,在急救室,Emergency,,NA,NA,oas_eng_in_an_emergency,oas_spa_en_una_emergencia,emergencia,shutterstock_391770694,,,,X,,,
¡Ambulancia!,Ambulance!,,救护车！,Emergency,,✓,x,oas_eng_ambulance,oas_spa_ambulancia,ambulancia,image-1050094,,,,X,,,
"Soy alérgico/a a ...
",I'm allergic to ...,,,Emergency,,x,✓,oas_eng_i'm_allergic_to,"oas_spa_soy_alergico_a
",alergico,shutterstock_139672558,,,,X,,,
¡Fuego!,Fire!,,着火了！,Emergency,,✓,✓,oas_eng_fire,oas_spa_fuego,fuego,bigstock-Fire-flames-on-a-black-backgro-115991129,,,,X,,,
¡Socorro!,Help!,,救命！,Emergency,,✓,✓,oas_eng_help,oas_spa_socorro,socorro,shutterstock_414668839,,,,X,no es una imagen de socorro.,,
¡Estoy perdido/a!,I’m lost!,,我迷路了！,Emergency,,✓,✓,oas_eng_im_lost,oas_spa_estoy_perdido/a,estoy_perdido,bigstock--131631911,,,,X,"Corregir apóstrofe en inglés, están usando tilde.",,
¡Déjeme tranquilo/a!,Leave me alone!,,别管我！／离开我！,Emergency,,✓,✓,oas_eng_leave_me_alone,oas_spa_dejeme_tranquilo/a,dejame_tranquila,shutterstock_295943060,,,,X,,,
¡Rápido!,Quickly!,,快！,Emergency,,✓,x,oas_eng_quickly,oas_spa_rapido,,,,,X,,,,
¡Urgente!,Urgent!,,紧急！,Emergency,,✓,✓,oas_eng_urgent,oas_spa_urgente,urgente,,,,X,,,,
En el hotel,At the Hotel,,在酒店,Hotel,,NA,NA,oas_eng_at_the_hotel,oas_spa_en_el_hotel,,,,,,X,,,
Tengo una reservación/reserva (Esp.),I have a reservation,,我订了一个房间。,Hotel,,✓,x,oas_eng_i_have_a_reservation,oas_spa_tengo_una_reservacion,,,,,X,,,,
Me llamo ...,My name is ...,,我叫_____,Hotel,,✓,x,oas_eng_my_name_is,oas_spa_me_llamo,,,,,,X,,,
Me gustaría una habitación ...,I would like a room ...,,我想订一个房间。,Hotel,,✓,✓,oas_eng_i_would_like_a_room,oas_spa_me_gustaria_una_habitacion,una_habitacion,shutterstock_142501801,,,,X,,,
sencilla,for one person,,单人的,Hotel,,x,✓,oas_eng_for_one_person,oas_spa_sencilla,sencilla,shutterstock_242376118,,,,X,,,
una almohada,pillow,,枕头,Hotel,,✓,x (pixelada),oas_eng_pillow,oas_spa_una_almohada,almohada,,,,X,,,,
con camas gemelas,with single beds,,有单人床的,Hotel,,✓,✓,oas_eng_with_single_beds,oas_spa_con_camas_gemelas,camas_gemelas,shutterstock_458001262,,,,X,,,
con cama matrimonial,with a double bed,,有双人床的,Hotel,,✓,✓,oas_eng_with_a_double_bed,oas_spa_con_cama_matrimonial,cama_matrimonial,shutterstock_177258605,,,,X,,,
de no fumar,no smoking,,无烟,Hotel,,✓,x,oas_eng_no_smoking,oas_spa_de_no_fumar,,,,,X,,,,
con baño privado,private bath,,独立卫生间,Hotel,,✓,x,oas_eng_private_bath,oas_spa_con_bano_privado,,shutterstock_63968566,,,,X,,,
con baño compartido,shared bath,,公用卫生间,Hotel,,✓,x,oas_eng_shared_bath,oas_spa_con_bano_compartido,,shutterstock_78958987,,,,X,,,
"la factura, la cuenta",bill,,账单,Hotel,,✓,✓,oas_eng_bill,oas_spa_la_factura,cuenta,bigstock-Guest-Check-And-Dollar-121230485,,,,X,,,
el conserje,concierge,,宾馆门房／礼宾部,Hotel,,✓,x,oas_eng_concierge,oas_spa_el_conserje,conserje,shutterstock_409904530,,,,X,,,
la salida de emergencia,fire escape,,防火通道,Hotel,,✓,✓,oas_eng_fire_escape,oas_spa_la_salida_de_emergencia,salida_de_emergencia,shutterstock_127209326,,,,X,,,
Internet inalámbrico,wireless internet,,互联网（wifi）,Hotel,,✓,✓,oas_eng_wireless_internet,oas_spa_internet_inalambrico,wifi,shutterstock_401305750,,,,X,,,
Internet,internet,,,Hotel,,x,x,oas_eng_internet,oas_spa_el_internet,internet,shutterstock_426762853,,,,X,,,
el anillo/el pendiente,ring,,戒指,Clothing,,✓,x (pixelada),oas_eng_ring,oas_spa_el_anillo/el_pendiente,anillo,,,,X,,,,
llaves,keys,,,Hotel,,x,✓,oas_eng_keys,oas_spa_llaves,llaves,shutterstock_141627028,,,,X,,,
candado,lock,,,Hotel,,x,✓,oas_eng_lock,oas_spa_candado,candado,shutterstock_431743915,,,,X,,,
"cargador de celular, computadora, cámara","charger (cellphone, computer, camera)",,,Hotel,,x,✓,,oas_spa_cargador_de_celular,cargador,shutterstock_449833024,,,,X,,,
los mensajes,messages,,留言,Hotel,,✓,✓,oas_eng_messages,oas_spa_los_mensajes,mensajes,shutterstock_168390011,,,,X,,,
el servicio de habitaciones,room service,,送餐服务,Hotel,,x,✓,oas_eng_room_service,oas_spa_el_servicio_de_habitacion,servicio_de_habitacion,shutterstock_161207321,,,,X,,,
la caja fuerte,safety deposit box,,保险箱,Hotel,,✓,✓,oas_eng_safety_deposit_box,oas_spa_la_caja_fuerte,caja_fuerte,shutterstock_14142487,,,,X,,,
el servicio despertador,wake-up call,,电话叫醒服务,Hotel,,✓,✓,oas_eng_wake-up_call,oas_spa_el_servicio_despertador,servicio_despertador,shutterstock_218068804,,,,X,,,
Haga el favor de mandar a mi habitación ...,Please send to my room ...,,请送到我房间来。,Hotel,,✓,✓,oas_eng_please_send_to_my_room,oas_spa_haga_el_favor_de_mandar_a_mi_habitacion____,mandar_a_mi_habitacion,shutterstock_118237546,,,,X,,,
un botones,bellhop,,旅馆侍者,Hotel,,✓,✓,oas_eng_bellhop,oas_spa_un_botones,botones,shutterstock_143063674,,,,X,,,
el año,year,,年,Time,Months,✓,x (pixelada),oas_eng_year,oas_spa_el_ano,ano,,,,X,,,,
¡Apague!,Turn Off,,关掉,Signage,,✓,x (pixelada),oas_eng_turn_off,oas_spa_apague,apague,shutterstock_146127242,,,,X,,,
el arete,earring,,耳环,Clothing,,x,x (pixelada),oas_eng_earring,oas_spa_el_arete,arete_pendiente,,,,X,,,,
el arroz,rice,,米饭,Food,Names,✓,x (pixelada),oas_eng_rice,oas_spa_el_arroz,arroz,,,,X,,,,
más jabón,more soap,,更多的肥皂,Hotel,,✓,✓,oas_eng_more_soap,oas_spa_mas_jabon,jabon,shutterstock_368889077,"<a href=""http://www.shutterstock.com/gallery-2945182p1.html?cr=00&pl=edit-00"">LUMIKK555</a> / <a href=""http://www.shutterstock.com/editorial?cr=00&pl=edit-00"">Shutterstock.com</a> LUMIKK555 / Shutterstock.com",,,X,,,
la autopista,highway,,高速公路,Traveling,Road,✓,x (pixelada),oas_eng_highway,oas_spa_la_autopista,autopista,,,,X,,,,
la autopista/la carretera (de peaje),road (toll),,公路（收费）,Traveling,Road,✓,x (pixelada),oas_eng_road_(toll),oas_spa_la_autopista/la_carretera_(de_peaje),autopista,shutterstock_424145266,,,,X,,,
¡Un momento!,Just a minute!,,等一下！,Hotel,,✓,x,oas_eng_just_a_minute,oas_spa_un_momento,un_momento,shutterstock_470936345,,,,X,,,
"¡Adelante!, ¡Pase!",Come in!,,进来！,Hotel,,✓,✓,oas_eng_come_in,oas_spa_adelante,come_in,shutterstock_218262739,,,,X,,,
Gracias.,Thank you.,,谢谢,Hotel,,✓,x,oas_eng_thank_you,oas_spa_gracias,,,,,,X,,,
Good night.,Buenas noches.,,晚安,Hotel,,revisar,revisar,oas_eng_buenas_noches,oas_spa_good_night,good_night,shutterstock_15283693,,,,X,Está al revés. La palabra de español está en donde debe ir la de inglés y viceversa.,,
LA ROPA y LOS ACCESORIOS,Clothing and Accessories,,衣服饰品,Clothing,,NA,NA,oas_eng_clothing_and_accessories,oas_spa_la_ropa_y_los_accesorios,ropa,shutterstock_89416408,,,,X,,,
ayer,yesterday,,昨天,Time,Days,✓,x (pixelada),oas_eng_yesterday,oas_spa_ayer,ayer,,,,X,,,,
bajar,go down,,下去,Conversation,Directions,✓,x (pixelada),oas_eng_go_down,oas_spa_bajar,bajar,,,,X,,,,
el barco,boat,,船,Traveling,Airport,✓,x (pixelada),oas_eng_boat,oas_spa_el_barco,barco,,,,X,,,,
el crucero,cruise ship,,游轮,Traveling,Airport,✓,x (pixelada),oas_eng_cruise_ship,oas_spa_el_crucero,barco_crucero,,,,X,,,,
Basura,Trash,,垃圾,Signage,,✓,x (pixelada),oas_eng_trash,oas_spa_basura,basura,,,,X,,,,
la bata,bathrobe,,浴袍,Clothing,,✓,x (pixelada),oas_eng_bathrobe,oas_spa_la_bata,bata,,,,X,,,,
la blusa,blouse,,女式衬衫／宽松的上衣,Clothing,,✓,x (pixelada),oas_eng_blouse,oas_spa_la_blusa,blusa,,,,X,,,,
"el billete, el boleto",ticket,,票,Packing,,✓,x (pixelada),oas_eng_ticket,oas_spa_el_billete,boleto,shutterstock_112930312,,,,X,,,
las botas,boots,,靴子,Clothing,,✓,x (pixelada),oas_eng_boots,oas_spa_las_botas,botas,,,,X,,,,
la botella,bottle,,瓶子,Food,Table,✓,x (pixelada),oas_eng_bottle,oas_spa_la_botella,botella,,,,X,,,,
la bufanda,scarf,,围巾,Clothing,,✓,x (pixelada),oas_eng_scarf,oas_spa_la_bufanda,bufanda,,,,X,,,,
las joyas,jewelry,,珠宝首饰,Clothing,,✓,✓,oas_eng_jewelry,oas_spa_las_joyas,joyas,bigstock-Beautiful-Indian-woman-portrai-101431628,,,,X,,,
el piyama/el pijama (Esp.),pajamas,,睡衣,Clothing,,✓,✓,oas_eng_pajamas,oas_spa_el_piyama/el_pijama_(esp),pijama,bigstock--122388587,,,,X,,,
el café,coffee,,咖啡,Food,Drink,✓,x (pixelada),oas_eng_coffee,oas_spa_el_cafe,cafe,,,,X,,,,
el impermeable,raincoat,,雨衣,Clothing,,✓,✓,oas_eng_raincoat,oas_spa_el_impermeable,impermeable,bigstock--131702213,,,,X,,,
"los calcetines, las medias",socks,,袜子,Clothing,,✓,x (pixelada),oas_eng_socks,oas_spa_los_calcetines,calcetines_medias,,,,X,,,,
la calle,street,,街,Traveling,Town,✓,x (pixelada),oas_eng_street,oas_spa_la_calle,calle,,,,X,,,,
el camión,truck,,卡车,Traveling,Road,✓,x (pixelada),oas_eng_truck,oas_spa_el_camion,camion,,,,X,,,,
la camisa,shirt,,T恤衫,Clothing,,✓,x (pixelada),oas_eng_t-shirt,oas_spa_la_camisa,camisa,,,,X,,no es la imagen adecuada,,
"la sudadera
",sweatshirt,,,Clothing,,x,✓,,,sudadera,shutterstock_447297418,,,,X,,,
la camiseta,T-shirt,,衬衫,Clothing,,✓,x (pixelada),oas_eng_shirt,oas_spa_la_camiseta,camiseta,,,,X,,,,
la casa,house,,房子,Traveling,Town,✓,x (pixelada),oas_eng_house,oas_spa_la_casa,casa,,,,X,,,,
cerca (de),near,,近,Conversation,Directions,✓,x (pixelada),oas_eng_near,oas_spa_cerca_(de),cerca,,,,X,,,,
la chaqueta,jacket,,夹克,Clothing,,✓,x (pixelada),oas_eng_jacket,oas_spa_la_chaqueta,chaqueta,,,,X,,,,
el traje,suit,,西装,Clothing,,✓,✓,oas_eng_suit,oas_spa_el_traje,traje,bigstock-handsome-young-man-in-suit-on--114917186,,,,X,,,
las gafas de sol,sunglasses,,墨镜,Clothing,,✓,✓,oas_eng_sunglasses,oas_spa_las_gafas_de_sol,gafas_de_sol,shutterstock_425986828,,,,X,,,
el cinturón,belt,,皮带,Clothing,,✓,x (pixelada),oas_eng_belt,oas_spa_el_cinturon,cinturon,,,,X,,,,
la ciudad,city,,城市,Traveling,Town,✓,x (pixelada),oas_eng_city,oas_spa_la_ciudad,ciudad,,,,X,,,,
el collar,necklace,,项链,Clothing,,✓,x (pixelada),oas_eng_necklace,oas_spa_el_collar,collar,,,,X,,,,
la corbata,tie,,领带,Clothing,,✓,x (pixelada),oas_eng_tie,oas_spa_la_corbata,corbata,,,,X,,,,
la cuchara,spoon,,勺,Food,Table,✓,x (pixelada),oas_eng_spoon,oas_spa_la_cuchara,cuchara,,,,X,,,,
el cuchillo,knife,,刀,Food,Table,✓,x (pixelada),oas_eng_knife,oas_spa_el_cuchillo,cuchillo,,,,X,,,,
De nada.,You’re welcome.,,〜不客气,Conversation,,✓,x (tamaño),oas_eng_youre_welcome,oas_spa_de_nada,de_nada,shutterstock_427629559,,,,X,"Corregir apóstrofe en inglés, están usando tilde.",,
¿De dónde es Ud.?,Where are you from?,,你从哪里来？,Conversation,,✓,x (pixelada),oas_eng_where_are_you_from?,oas_spa_de_donde_es_ud,de-donde-es-usted,,,,X,,,,
un/a dentista,dentist,,牙医,Doctor,,✓,x (pixelada),oas_eng_dentist,oas_spa_un/a_dentista,dentista,,,,X,,,,
Está nublado.,It’s cloudy.,,今天多云,Weather,,✓,x,oas_eng_its_cloudy,oas_spa_esta_nublado,,,,,X,,"Corregir apóstrofe en inglés, están usando tilde.",,
el desayuno,breakfast,,早餐,Hotel,,✓,x (pixelada),oas_eng_breakfast,oas_spa_el_desayuno,desayunar,,,,X,,,,
Hace buen tiempo.,It’s beautiful.,,（天气）真美好,Weather,,✓,x,oas_eng_its_beautiful,oas_spa_hace_buen_tiempo,,,,,X,,"Corregir apóstrofe en inglés, están usando tilde.",,
Llueve (Está lloviendo).,It’s raining.,,下雨了,Weather,,✓,x,oas_eng_its_raining,oas_spa_llueve_(esta_lloviendo),,,,,X,,"Corregir apóstrofe en inglés, están usando tilde.",,
diciembre,December,,十二月,Time,Months,✓,x (pixelada),oas_eng_december,oas_spa_diciembre,diciembre,,,,X,,,,
Signos y señales,Survival signage,,,Signage,,NA,NA,oas_eng_survival_signage,oas_spa_signos_y_senales,survival_signage,shutterstock_77670103,,,,X,,,
domingo,Sunday,,星期日,Time,Days,✓,x (pixelada),oas_eng_sunday,oas_spa_domingo,domingo,,,,X,,,,
Cerrado,Closed,,关闭,Signage,,✓,x (equivocada),oas_eng_closed,oas_spa_cerrado,cerrado,shutterstock_2713536,,,X,X,,,
"¡Adelante!, ¡Siga!",Go,,走,Signage,,✓,✓,oas_eng_go,oas_spa_adelante,siga,shutterstock_35107975,,,,X,,,
¡Pare!,Stop,,停,Signage,,✓,x,oas_eng_stop,oas_spa_pare,,,,,X,,,,
enero,January,,一月,Time,Months,✓,x (pixelada),oas_eng_january,oas_spa_enero,enero,,,,X,,,,
un/a enfermero/a,nurse,,护士,Doctor,,✓,x (pixelada),oas_eng_nurse,oas_spa_un/a_enfermero/a,enfermero,,,,X,,,,
"¡Prenda!, ¡Encienda!",Turn On,,打开,Signage,,✓,✓,oas_eng_turn_on,oas_spa_prenda,prenda,shutterstock_305898884,,,,X,,,
Ascensor,Elevator,,电梯,Signage,,✓,✓,oas_eng_elevator,oas_spa_ascensor,ascensor,shutterstock_322667840,,,,X,,,
la ensalada,salad,,沙拉,Food,Names,✓,x (pixelada),oas_eng_salad,oas_spa_la_ensalada,ensalada,shutterstock_379862110,,,,X,,,
"Baño, Aseo",Bathroom,,浴室／卫生间,Signage,,✓,✓,oas_eng_bathroom,oas_spa_bano,bano,shutterstock_107540672,,,X,X,,,
Entrada,Entrance,,入口,Signage,,✓,x (pixelada),oas_eng_entrance,oas_spa_entrada,entrada_acceso,,,,X,,,,
Bomberos (Estación de),Fire Station,,消防站,Signage,,✓,✓,oas_eng_fire_station,oas_spa_bomberos_(estacion_de),bomberos,shutterstock_53590696,,,,X,,,
"Caballeros, Hombres",Men’s Room,,男厕所,Signage,,✓,✓,oas_eng_mens_room,oas_spa_caballeros,hombres,shutterstock_114492703,,,,X,"Corregir apóstrofe en inglés, están usando tilde.",,
Cajero Automático,ATM,,自动取款机,Signage,,✓,✓,oas_eng_atm,oas_spa_cajero_automatico,cajero,shutterstock_361250489,,,,X,,,
Cambio (Casa de),Currency Exchange,,货币兑换,Signage,,✓,✓,oas_eng_currency_exchange,oas_spa_cambio_(casa_de),casa_de_cambio,ex.png,,,,X,,,
Ceda el Paso,Yield,,收益率,Signage,,✓,✓,oas_eng_yield,oas_spa_ceda_el_paso,ceda_el_paso,shutterstock_108119021,,,,X,,,
Clínica,Clinic,,诊所,Signage,,x (equivocado),✓,oas_eng_clinic,oas_spa_clinica,sign_clinica,,,,,X,,,
Hospital,Hospital,,医院,Signage,,x,x,oas_eng_hospital,oas_spa_hospital,sign_hospital,,,,,X,,,
Comida,Food,,食物,Signage,,✓,✓,oas_eng_food,oas_spa_comida,sign_comida,,,,,X,,,
Bebida,Drink,,饮料,Signage,,✓,✓,oas_eng_drink,oas_spa_bebida,sign_bebida,,,,X,X,,,
¡Cuidado!,Caution!,,小心！／注意！,Signage,,✓,✓,oas_eng_caution,oas_spa_cuidado,signs_caution,,,,,X,,,
"Damas, Señoras",Ladies’ Room,,女厕所,Signage,,✓,✓,oas_eng_ladies_room,oas_spa_damas,signs_ladies_room,"Corregir apóstrofe en inglés, están usando tilde.",,,,X,,,
"¡Despacio!, ¡Reduzca la Velocidad!",Slow down!,,减速！／慢下来！,Signage,,✓,✓,oas_eng_slow_down,oas_spa_despacio,shutterstock_67695283,signs_slow_down,,,,X,,,
Dirección única,One-way,,单程／单向,Signage,,✓,✓,oas_eng_one-way,oas_spa_direccion_unica,signs_one_way,signs_one_way,,,,X,,,
¡Empuje!,Push!,,推！,Signage,,✓,✓,oas_eng_push,oas_spa_empuje,signs_push,,,,,X,,,
¡Tire!,Pull!,,拉！,Signage,,x,✓,oas_eng_pull,oas_spa_tire,signs_pull,,,,,X,,,
la falda,skirt,,半截裙,Clothing,,✓,x (pixelada),oas_eng_skirt,oas_spa_la_falda,falda,,,,X,,,,
febrero,February,,二月,Time,Months,✓,x (pixelada),oas_eng_february,oas_spa_febrero,febrero,,,,X,,,,
Escalera,Staircase,,楼梯,Signage,,✓,✓,oas_eng_staircase,oas_spa_escalera,sign_escalera,,,,,X,,,
Estación,Station,,站,Signage,,✓,✓,oas_eng_station,oas_spa_estacion,signs_station,,,,,X,,,
"Estacionamiento, Aparcamiento (Esp.)",Parking,,停車处,Signage,,✓,✓,oas_eng_parking,oas_spa_estacionamiento,signs_parking,,,,,X,,,
Equipaje,Luggage,,行李,Signage,,✓,✓,oas_eng_luggage,oas_spa_equipaje,equipaje,,,,X,,,,
Lavandería,Laundromat,,自助洗衣房,Signage,,✓,✓,oas_eng_laundromat,oas_spa_lavanderia,lavanderia,shutterstock_76718293,,,,X,,,
la galleta,cookie,,曲奇饼,Food,Names,✓,x (pixelada),oas_eng_cookie,oas_spa_la_galleta,galleta,,,,X,,,,
¡No Fumar!,No Smoking!,,禁止吸烟！,Signage,,✓,x,oas_eng_no_smoking,oas_spa_no_fumar,,,,,,X,,,
¡No Hablar!,No Talking!,,不要说话！,Signage,,✓,x,oas_eng_no_talking,oas_spa_no_hablar,,,,,,X,,,
¡No Tocar!,Don’t Touch!,,不要碰！,Signage,,✓,✓,oas_eng_dont_touch,oas_spa_no_tocar,signs_dont_touch,,,,,X,"Corregir apóstrofe en inglés, están usando tilde.",,
Oficina de Correos,Post Office,,邮政局,Signage,,✓,x (equivocada),oas_eng_post_office,oas_spa_oficina_de_correos,sign_oficina_de_correos,,,,,X,,,
Oficina de Turismo,Tourist Office,,旅游信息中心,Signage,,✓,x,oas_eng_tourist_office,oas_spa_oficina_de_turismo,sign_oficina_turismo,,,,,X,,,
¡Pare!,Stop!,,停！,Signage,,✓,✓,oas_eng_stop,oas_spa_pare,sign_pare,,,,,X,,,
Peaje,Toll,,收费站,Signage,,✓,✓,oas_eng_toll,oas_spa_peaje,peaje,shutterstock_372827,,,,X,,,
¡Peligro!,Danger!,,危险！,Signage,,✓,✓,oas_eng_danger,oas_spa_peligro,signs_danger,,,,,X,,,
Policía,Police,,警察,Signage,,✓,✓,oas_eng_police,oas_spa_policia,signs_police,,,,,X,,,
Privado,Private,,私人的,Signage,,✓,✓,oas_eng_private,oas_spa_privado,signs_private,signs_private,,,,X,,,
Prohibido,Prohibited,,被禁止的,Signage,,✓,✓,oas_eng_prohibited,oas_spa_prohibido,sign_prohibido,,,,,X,,,
Salida de Emergencia,"Emergency Exit, Fire Escape",,紧急出口，消防逃生口,Signage,,✓,✓,oas_eng_emergency_exit,oas_spa_salida_de_emergencia,signs_emergency_exit,,,,,X,,,
Sitio Turístico,Tourist Attraction,,旅游景点,Signage,,✓,✓,oas_eng_tourist_attraction,oas_spa_sitio_turistico,tourist_attraction,,,,,X,,,
Servicios,Restrooms,,厕所,Signage,,✓,✓,oas_eng_restrooms,oas_spa_servicios,signs_restrooms,,,,,X,,,
Se Alquila,For Rent,,出租,Signage,,✓,x,oas_eng_for_rent,oas_spa_se_alquila,,,,,X,,,,
Se Vende,For Sale,,出售,Signage,,✓,x,oas_eng_for_sale,oas_spa_se_vende,,shutterstock_124374076,,,,X,,,
Teléfono,Telephone,,电话,Signage,,✓,✓,oas_eng_telephone,oas_spa_telefono,sign_telefono,,,,X,X,,,
"Venta de Boletos, Billetes",Ticket Sale,,售票处,Signage,,✓,✓,oas_eng_ticket_sale,oas_spa_venta_de_boletos,signs_ticket_sale,shutterstock_24057988,,,,X,,,
TRAVELING,DE VIAJE,,旅行,Traveling,Airport,NA,NA,oas_eng_de_viaje,oas_spa_traveling,,shutterstock_293482145,,,,X,"En el ipad, la bolita debe llamarse Traveling en lugar de airport.",,
When does the plane leave?,¿Cuándo sale el avión?,,飞机什么时候起飞？,Traveling,Airport,x,✓,oas_eng_when_does_the_plane_leave,oas_spa_cuando_sale_el_avion,cuando_sale_el_avion,shutterstock_108091094,,,,X,Está al revés. La palabra de español está en donde debe ir la de inglés y viceversa.,,
"¿Llega el vuelo temprano, a tiempo o tarde?","Is the flight arriving early, on time, or late?",,飞机将要早到，准点，还是晚点？,Traveling,Airport,✓,✓,oas_eng_is_the_flight_arriving_early,,llega_el_vuelo_temprano,shutterstock_234268693,,,,X,,,
la gasolinera,gas station,,加油站,Traveling,Road,✓,x (pixelada),oas_eng_gas_station,oas_spa_la_gasolinera,gasolinera,,,,X,,,,
la recogida de equipaje,baggage claim,,行李认领处,Traveling,Airport,✓,✓,oas_eng_baggage_claim,oas_spa_la_recogida_de_equipaje,recogida_equipaje,shutterstock_113327431,,,,X,,,
la puerta de embarque,boarding gate,,登机口,Traveling,Airport,✓,x,oas_eng_boarding_gate,oas_spa_la_puerta_de_embarque,puerta_de_embarque,shutterstock_131411273,,,,X,,,
los guantes,gloves,,手套,Clothing,,✓,x (pixelada),oas_eng_gloves,oas_spa_los_guantes,guantes,,,,X,,,,
"el autobús, el bus",bus,,公共汽车,Traveling,Airport,✓,x,oas_eng_bus,oas_spa_el_autobus,,,,,X,,,,
la aduana,customs,,海关,Traveling,Airport,✓,✓,oas_eng_customs,oas_spa_la_aduana,aduana,shutterstock_103581008,,,,X,,,
doble,for two people,,双人的,Hotel,,✓,x (pixelada),oas_eng_for_two_people,oas_spa_doble,habitacion_doble,,,,X,,,,
"el muelle, el embarcadero",dock,,码头,Traveling,Airport,✓,✓,oas_eng_dock,oas_spa_el_muelle,muelle,shutterstock_144133660,,,,X,,,
el horario,"schedule, timetable",,时刻表,Traveling,Airport,✓,✓,oas_eng_schedule,,horario,,,,X,,,,
la estación (de),station,,站,Traveling,Airport,✓,✓,oas_eng_station,oas_spa_la_estacion_(de),estacion,shutterstock_43017277,,,,X,,,
el billete (de ida),ticket (one-way),,票（单程）,Traveling,Airport,✓,✓,oas_eng_ticket_(one-way),oas_spa_el_billete_(de_ida),billete_ida,shutterstock_142372924,,,,X,,,
el billete (de ida y vuelta),ticket (round-trip),,票（往返）,Traveling,Airport,✓,✓,oas_eng_ticket_(round-trip),oas_spa_el_billete_(de_ida_y_vuelta),billete_ida_y_vuelta,shutterstock_400352920,,,,X,,,
Hace calor hoy.,It’s hot today.,,今天很热,Weather,,✓,x (pixelada),oas_eng_its_hot_today,oas_spa_hace_calor_hoy,hace-calor,,,,X,,"Corregir apóstrofe en inglés, están usando tilde.",,
el viaje,trip,,旅途,Traveling,Airport,✓,x,oas_eng_trip,oas_spa_el_viaje,,,,,X,,,,
"el carro, el coche",car,,汽车,Traveling,Road,✓,x,oas_eng_car,oas_spa_el_carro,,,,,X,,,,
Hace frío.,It’s cold.,,好冷,Weather,,✓,x (pixelada),oas_eng_its_cold,oas_spa_hace_frio,hace-frio,,,,X,,"Corregir apóstrofe en inglés, están usando tilde.",,
Hace sol.,It’s sunny.,,天气晴朗,Weather,,✓,x (pixelada),oas_eng_its_sunny,oas_spa_hace_sol,hace-sol,,,,X,,"Corregir apóstrofe en inglés, están usando tilde.",,
la gasolina,gasoline,,汽油,Traveling,Road,✓,✓,oas_eng_gasoline,oas_spa_la_gasolina,gasolina,shutterstock_307193009,,,,X,,,
Hace viento/fresco.,It’s windy/mild.,,今天有风/天气温和,Weather,,✓,x (pixelada),oas_eng_its_windy/mild,oas_spa_hace_viento/fresco,hace-viento,,,,X,,"Corregir apóstrofe en inglés, están usando tilde.",,
el cruce,intersection,,交叉路口,Traveling,Road,✓,✓,oas_eng_intersection,oas_spa_el_cruce,cruce,shutterstock_348384155,,,,X,,,
el helado (de vainilla/de chocolate),ice cream (vanilla/chocolate),,冰淇淋（香草/巧克力）,Food,Names,✓,x (pixelada),oas_eng_ice_cream_(vanilla/chocolate),oas_spa_el_helado_(de_vainilla/de_chocolate),helado,shutterstock_390938851,,,,X,,,
"la llanta, el neumático (Esp.) (desinflado/a)",tire (flat),,轮胎（瘪）,Traveling,Road,✓,✓,oas_eng_tire_(flat),oas_spa_la_llanta,neumatico,shutterstock_176240297,,,,X,,,
el semáforo,traffic light,,红绿灯,Traveling,Road,✓,✓,,,semaforo,shutterstock_142426903,,,,X,,,
límite de velocidad,speed limit,,,,,x,✓,,,limite_velocidad,shutterstock_39342058,,,,X,,,
"la cuadra, la manzana (Esp.)",Block,,街区,Traveling,Town,✓,✓,oas_eng_block,oas_spa_la_cuadra,cuadra,shutterstock_277261781,,,,X,,,
el puente,bridge,,桥,Traveling,Town,✓,✓,oas_eng_bridge,oas_spa_el_puente,puente,shutterstock_428675176,,,,X,,,
el túnel,tunnel,,隧道,Traveling,Town,✓,✓,oas_eng_tunnel,oas_spa_el_tunel,tunel,shutterstock_114560077,,,X,X,,,
el edificio,building,,建筑物,Traveling,Town,✓,✓,oas_eng_building,oas_spa_el_edificio,building,shutterstock_129108644,,,,X,,,
el horario,"schedule, timetable",,时间表，时刻表,Time,Hours,✓,x (pixelada),oas_eng_schedule,,horario,,,,X,,,,
una iglesia,cathedral,,大教堂,Conversation,Destinations,✓,x (pixelada),oas_eng_cathedral,oas_spa_una_iglesia,iglesia,,,,,X,,,
el jardín,garden,,花园,Traveling,Town,✓,x (pixelada),oas_eng_garden,oas_spa_el_jardin,jardin,,,,X,,,,
jueves,Thursday,,星期四,Time,Days,✓,x (pixelada),oas_eng_thursday,oas_spa_jueves,jueves,,,,X,,,,
la fuente,fountain,,喷泉,Traveling,Town,✓,✓,oas_eng_fountain,oas_spa_la_fuente,fuente,shutterstock_151999316,,,,X,,,
julio,July,,七月,Time,Months,✓,x (pixelada),oas_eng_july,oas_spa_julio,julio,,,,X,,,,
junio,June,,六月,Time,Months,✓,x (pixelada),oas_eng_june,oas_spa_junio,junio,,,,X,,,,
"la senda, el sendero","path, trail",,小径，步道,Traveling,Town,✓,✓,oas_eng_path,oas_spa_la_senda,senda,shutterstock_111710756,,,,X,,,
"la semana que viene, la próxima semana",next week,,下个星期／下周,Time,Days,✓,x (pixelada),oas_eng_next_week,oas_spa_la_semana_que_viene,la_semana_que_viene,,,,X,,,,
una llave adicional,extra key,,额外的钥匙,Hotel,,✓,x (pixelada),oas_eng_extra_key,oas_spa_una_llave_adicional,llave,,,,X,,,,
el centro,"town center, downtown",,市／镇中心,Traveling,Town,✓,✓,oas_eng_town_center,oas_spa_el_centro,centro,shutterstock_227293258,,,,X,,,
LA PREPARACIÓN,PREPARATION,,准备,Food,Preparation,NA,NA,oas_eng_preparation,oas_spa_la_preparación,preparacion,shutterstock_99900716,,,,X,,,
"cocido, cocinado",cooked,,熟的,Food,Preparation,✓,✓,oas_eng_cooked,oas_spa_cocido,cocido,shutterstock_391420759,,,,X,,,
frito,fried,,油炸的,Food,Preparation,✓,✓,oas_eng_fried,oas_spa_frito,frito,shutterstock_361831727,,,,X,,,
tostado,toasted,,烤的,Food,Preparation,✓,✓,oas_eng_toasted,oas_spa_tostado,tostado,shutterstock_373485721,,,,X,,,
fresco,fresh,,新鲜的,Food,Preparation,✓,✓,oas_eng_fresh,oas_spa_fresco,fresco,shutterstock_197301293,,,,X,,,
crudo,raw,,生的,Food,Preparation,✓,✓,oas_eng_raw,oas_spa_crudo,crudo,shutterstock_136613672,,,,X,,,
congelado,frozen,,冷冻的,Food,Preparation,✓,✓,oas_eng_frozen,oas_spa_congelado,congelado,shutterstock_273487166,,,,X,,,
seco,dried,,干的,Food,Preparation,x,✓,oas_eng_dried,oas_spa_seco,seco,shutterstock_358414985,,,,X,,,
a la plancha,grilled,,（明火）烤,Food,Preparation,✓,✓,oas_eng_grilled,oas_spa_a_la_plancha,a_la_plancha,shutterstock_384426433,,,,X,,,
asado,roasted,,（用烤箱）烤（肉类食物）,Food,Preparation,✓,✓,oas_eng_roasted,oas_spa_asado,asado,shutterstock_324537194,,,X,X,,,
al horno,baked,,（用烤箱）烘焙（面包、蛋糕或薯类、豆类等）,Food,Preparation,✓,✓,oas_eng_baked,oas_spa_al_horno,al_horno,shutterstock_83592433,,,,X,,,
caliente,hot,,热,Food,Preparation,✓,✓,oas_eng_hot,oas_spa_caliente,caliente,shutterstock_307051799,,,,X,,,
lunes,Monday,,星期一,Time,Days,✓,x (pixelada),oas_eng_monday,oas_spa_lunes,lunes,,,,X,,,,
tibio,cool,,凉,Food,Preparation,✓,x,oas_eng_cool,oas_spa_tibio,,shutterstock_327000029,,,,X,,,
poco hecho,rare,,（牛排）三分熟,Food,Preparation,✓,✓,oas_eng_rare,oas_spa_poco_hecho,poco_hecho,shutterstock_368081972,,,,X,,,
al punto,medium,,（牛排）五分熟,Food,Preparation,✓,✓,oas_eng_medium,oas_spa_al_punto,al_punto,shutterstock_459154273,,,,X,,,
bien hecho,well-done,,（牛排）全熟,Food,Preparation,✓,✓,oas_eng_well-done,oas_spa_bien_hecho,bien_hecho,shutterstock_466253024,,,,X,,,
picante,spicy,,辣,Food,Preparation,✓,✓,oas_eng_spicy,oas_spa_picante,picante,shutterstock_202280758,,,,X,,,
dulce,sweet,,甜,Food,Preparation,✓,✓,oas_eng_sweet,oas_spa_dulce,dulce,shutterstock_110250119,,,X,X,,,
ácido,sour,,酸,Food,Preparation,x,✓,oas_eng_sour,oas_spa_acido,acido,shutterstock_467488364,,,X,X,,,
la comida,food,,食物,Food,Names,NA,NA,oas_eng_food,oas_spa_la_comida,comida,shutterstock_283015430,,,,X,,,
la maleta,suitcase,,行李箱,Packing,,✓,x (pixelada),oas_eng_suitcase,oas_spa_la_maleta,maleta,shutterstock_247043854,,,,X,,,
una manta extra,extra blanket,,额外的毯子,Hotel,,✓,x (pixelada),oas_eng_extra_blanket,oas_spa_una_manta_extra,manta,,,,X,,,,
la miel,honey,,蜂蜜,Food,Names,✓,✓,oas_eng_honey,oas_spa_la_miel,miel,shutterstock_298697216,,,,X,,,
la mermelada,jam,,果酱,Food,Names,✓,✓,oas_eng_jam,oas_spa_la_mermelada,mermelada,shutterstock_221810647,,,,X,,,
la mantequilla,butter,,黄油,Food,Names,✓,x (pixelada),oas_eng_butter,oas_spa_la_mantequilla,mantequilla,,,,X,,,,
el pastel,pastry,,糕点,Food,Names,✓,✓,oas_eng_pastry,oas_spa_el_pastel,pastel,shutterstock_144669323,,,,X,,,
la manzana,apple,,苹果,Food,Names,✓,x (pixelada),oas_eng_apple,oas_spa_la_manzana,manzana,,,,X,,,,
el mapa,map,,地图,Packing,,✓,x (pixelada),oas_eng_map,oas_spa_el_mapa,mapa,,,,X,,,,
la galleta salada,cracker,,饼干,Food,Names,x,✓,oas_eng_cracker,oas_spa_la_galleta_salada,galleta_salada,shutterstock_71679772,,,,X,,,
el huevo (hervido/revuelto),egg (boiled/scrambled),,蛋（煮/炒）,Food,Names,✓,x,oas_eng_egg_(boiled/scrambled),oas_spa_el_huevo_(hervido/revuelto),,,,,X,,,,
la fruta (madura/tropical),fruit (ripe/tropical),,水果（成熟的/热带的）,Food,Names,✓,✓,oas_eng_fruit_(ripe/tropical),oas_spa_la_fruta_(madura/tropical),fruta,shutterstock_267322406,,,,X,,,
martes,Tuesday,,星期二,Time,Days,✓,x (pixelada),oas_eng_tuesday,oas_spa_martes,martes,,,,X,,,,
la uva,grape,,葡萄,Food,Names,✓,✓,oas_eng_grape,oas_spa_la_uva,uva,shutterstock_111135767,,,,X,,,
el limón,lemon,,柠檬,Food,Names,✓,✓,oas_eng_lemon,oas_spa_el_limon,limon,shutterstock_398674228,,,,X,,,
marzo,March,,三月,Time,Months,✓,x (pixelada),oas_eng_march,oas_spa_marzo,marzo,,,,X,,,,
"el durazno, el melocotón (Esp.)",peach,,桃子,Food,Names,✓,✓,oas_eng_peach,oas_spa_el_durazno,durazno_melocoton,,,,X,,,,
la piña,pineapple,,菠萝,Food,Names,✓,✓,oas_eng_pineapple,oas_spa_la_pina,pina,shutterstock_366861338,,,,X,,,
la fresa,strawberry,,草莓,Food,Names,✓,✓,oas_eng_strawberry,oas_spa_la_fresa,fresa,shutterstock_127588535,,,,X,,,
más,more,,更贵,Conversation,Shopping,x,x (pixelada),oas_eng_more,oas_spa_mas_caro,mas,shutterstock_49421662,,,,X,,,
los mariscos,shellfish,,贝类,Food,Names,✓,✓,oas_eng_shellfish,oas_spa_los_mariscos,mariscos,shutterstock_163975418,,,,X,,,
mayo,May,,五月,Time,Months,✓,x (pixelada),oas_eng_may,oas_spa_mayo,mayo,,,,X,,,,
la carne,meat,,肉,Food,Names,✓,x,oas_eng_meat,oas_spa_la_carne,,,,,X,,,,
la carne de res (vaca),beef,,牛肉,Food,Names,✓,✓,oas_eng_beef,oas_spa_la_carne_de_res_(vaca),res,shutterstock_239023258,,,,X,,,
el cordero,lamb,,羊肉,Food,Names,✓,x,oas_eng_lamb,oas_spa_el_cordero,,,,,X,,,,
la carne de cerdo,pork,,猪肉,Food,Names,✓,✓,oas_eng_pork,oas_spa_la_carne_de_cerdo,cerdo,shutterstock_403751164,,,,X,,,
un/a médico/a,doctor,,医生,Doctor,,✓,x (pixelada),oas_eng_doctor,oas_spa_un/a_medico/a,medico,,,,X,,,,
el pavo,turkey,,火鸡,Food,Names,x,✓,oas_eng_turkey,oas_spa_el_pavo,pavo,shutterstock_334792034,,,,X,,,
el pato,duck,,鸭,Food,Names,✓,✓,oas_eng_duck,oas_spa_el_pato,pato,shutterstock_320168195,,,,X,,,
el aceite (de oliva),oil (olive),,油（橄榄油）,Food,Names,✓,✓,oas_eng_oil_(olive),oas_spa_el_aceite_(de_oliva),aceite_de_oliva,shutterstock_91354799,,,,X,,,
el vinagre,vinegar,,醋,Food,Names,✓,✓,oas_eng_vinegar,oas_spa_el_vinagre,vinagre,shutterstock_381352600,,,,X,,,
Mercado,Market,,市场,Signage,,✓,x (pixelada),oas_eng_market,oas_spa_mercado,mercado,,,,X,,,,
los frijoles,beans,,豆类,Food,Names,✓,✓,oas_eng_beans,oas_spa_los_frijoles,frijoles,shutterstock_286882187,,,,X,,,
las habichuelas,string beans,,四季豆,Food,Names,x,✓,oas_eng_string_beans,oas_spa_las_habichuelas,habichuelas,shutterstock_288234416,,,,X,,,
las lentejas,lentils,,扁豆,Food,Names,✓,✓,oas_eng_lentils,oas_spa_las_lentejas,lentejas,shutterstock_273128702,,,,X,,,
un mercado,market,,市场,Conversation,Destinations,✓,x (pixelada),oas_eng_market,oas_spa_un_mercado,mercado,,,,X,,,,
Me gustaría una mesa para cuatro personas ...,I would like a table for four people ...,,我要一个能坐_____个人的桌子,Food,Restaurant,✓,x (pixelada),oas_eng_i_would_like_a_table_______for_four_people,oas_spa_me_gustaria_una_mesa_______para_cuatro_personas,mesa_para_cuatro,shutterstock_116904121,,,,X,,,
el azúcar,sugar,,糖,Food,Names,✓,✓,oas_eng_sugar,oas_spa_el_azucar,azucar,shutterstock_144235918,,,X,,,,
la especia/el condimento,spice,,香料,Food,Names,✓,✓,oas_eng_spice,oas_spa_la_especia/el_condimento,condimento,shutterstock_409488760,,,,X,,,
la salsa,sauce,,酱,Food,Names,✓,✓,oas_eng_sauce,oas_spa_la_salsa,salsa,shutterstock_417207580,,,,X,,,
una mezquita,mosque,,清真寺,Conversation,Destinations,✓,x (pixelada),oas_eng_mosque,oas_spa_una_mezquita,mezquita,,,,X,,,,
miércoles,Wednesday,,星期三,Time,Days,✓,x (pixelada),oas_eng_wednesday,oas_spa_miercoles,miercoles,,,,X,,,,
las verduras (mixtas),vegetables (mixed),,蔬菜（混合）,Food,Names,✓,✓,oas_eng_vegetables_(mixed),oas_spa_las_verduras_(mixtas),verduras,shutterstock_145891655,,,,X,,,
el aguacate,avocado,,鳄梨,Food,Names,✓,✓,oas_eng_avocado,oas_spa_el_aguacate,aguacate,shutterstock_458843617,,,,X,,,
la mochila,backpack,,背包,Packing,,✓,x (pixelada),oas_eng_backpack,oas_spa_la_mochila,mochila,shutterstock_247020727,,,,X,,,
el maíz,corn,,玉米,Food,Names,✓,✓,oas_eng_corn,oas_spa_el_maiz,maiz,shutterstock_208747606,,,,X,,,
la naranja,orange,,橙子,Food,Names,✓,x (pixelada),oas_eng_orange,oas_spa_la_naranja,naranja,,,,X,,,,
la cebolla,onion,,洋葱,Food,Names,✓,✓,oas_eng_onion,oas_spa_la_cebolla,cebolla,shutterstock_132212888,,,,X,,,
"las arvejas, los guisantes (Esp.)",peas,,豌豆,Food,Names,✓,✓,oas_eng_peas,oas_spa_las_arvejas,arvejas,shutterstock_287797673,,,,X,,,
"la papa, la patata (Esp.)",potato,,土豆,Food,Names,✓,✓,oas_eng_potato,oas_spa_la_papa,papa,shutterstock_350187878,,,,X,,,
la espinaca,spinach,,菠菜,Food,Names,✓,✓,oas_eng_spinach,oas_spa_la_espinaca,espinaca,shutterstock_272694662,,,,X,,,
Bebida,Drink,,,,,NA,NA,oas_eng_drink,oas_spa_bebida,,shutterstock_415239661,,,,X,,,
la cerveza,beer,,啤酒,Food,Drink,✓,✓,oas_eng_beer,oas_spa_la_cerveza,cerveza,shutterstock_254142274,,,,X,,,
Nieva (Está nevando).,It’s snowing.,,下雪了,Weather,,✓,x (pixelada),oas_eng_its_snowing,oas_spa_nieva_(esta_nevando),nieva,,,,X,,"Corregir apóstrofe en inglés, están usando tilde.",,
No olvides ...,Don’t forget ...,,别忘了_____,Packing,,✓,x (tamaño),oas_eng_dont_forget,oas_spa_no_olvides,no_olvides,shutterstock_379472770,,,,X,"Corregir apóstrofe en inglés, están usando tilde.",,
nunca,never,,决不,Time,Hours,✓,x (pixelada),oas_eng_never,oas_spa_nunca,nunca,,,,X,,,,
"el jugo, el zumo (Esp.)",juice,,果汁,Food,Drink,✓,✓,oas_eng_juice,oas_spa_el_jugo,jugo,shutterstock_402200401,,,,X,,,
(con) hielo,(with) ice,,（带）冰块,Food,Drink,✓,✓,oas_eng_(with)_ice,oas_spa_(con)_hielo,con_hielo,shutterstock_76842979,,,,X,,,
con limón,with lemon,,柠檬,Food,Drink,x,✓,oas_eng_with_lemon,oas_spa_con_limon,limon,shutterstock_398674228,,,,X,,,
con azúcar,with sugar,,糖,Food,Drink,x,✓,oas_eng_with_sugar,oas_spa_con_azucar,azucar,shutterstock_144235918,,,X,,,,
la leche,milk,,牛奶,Food,Drink,✓,✓,oas_eng_milk,oas_spa_la_leche,leche,shutterstock_51402553,,,X,,,,
"la crema, la nata (Esp.)",cream,,奶油,Food,Drink,✓,✓,oas_eng_cream,oas_spa_la_crema,crema,shutterstock_53575801,,,,X,,,
"la soda, la gaseosa",soda,,苏打汽水,Food,Drink,✓,✓,oas_eng_soda,oas_spa_la_soda,soda,shutterstock_107602259,,,,X,,,
"el batido, la malteada",shake,,摇,Food,Drink,✓,✓,oas_eng_shake,oas_spa_el_batido,batido,shutterstock_186240512,,,,X,,,
Banco,Bank,,银行,Signage,,✓,x (pixelada),oas_eng_bank,oas_spa_banco,oas_banco,shutterstock_362054423,,,X,,,,
en el restaurante,at the restaurant,,,,,NA,NA,oas_eng_at_the_restaurant,oas_spa_en_el_restaurante,restaurant,shutterstock_166700288,,,,X,,,
¡Tengo hambre/sed!,I’m hungry/thirsty!,,我饿了/渴了！,Food,Restaurant,x,✓,oas_eng_im_hungry/thirsty,oas_spa_tengo_hambre/sed,hambre,shutterstock_103711649,,,,X,"Corregir apóstrofe en inglés, están usando tilde.",,
el café,café,,小餐馆（美国）；咖啡店（欧洲）,Food,Restaurant,✓,x (pixelada),oas_eng_café,oas_spa_el_cafe,oas_cafe,shutterstock_425405992,,,,X,,,
el campo,countryside,,乡下,Traveling,Town,✓,x (pixelada),oas_eng_countryside,oas_spa_el_campo,oas_campo,shutterstock_106439705,,,,X,,,
cerca de la ventana,near the window,,靠近窗口,Food,Restaurant,✓,✓,oas_eng_near_the_window,oas_spa_cerca_de_la_ventana,mesa_ventana,shutterstock_49450219,,,,X,,,
de (no) fumadores,in the (no) smoking section,,在（无）吸烟区,Food,Restaurant,✓,✓,oas_eng_in_the_(no)_smoking_section,oas_spa_de_(no)_fumadores,no_fumadores,shutterstock_66371803,,,,X,,,
"La carta, por favor.","The menu, please.",,请看菜单,Food,Restaurant,✓,✓,oas_eng_the_menu,,menu,shutterstock_185419505,,,,X,,,
¿Tiene Ud. una carta en inglés?,Do you have a menu in English?,,你有英文菜单吗？,Food,Restaurant,x,✓,oas_eng_do_you_have_a_menu_in_english?,oas_spa_tiene_usted_una_carta_en_ingles,menu_ingles,shutterstock_317076590,,,,X,,,
Soy vegetariano/a.,I am a vegetarian.,,我是一个素食者,Food,Restaurant,✓,✓,oas_eng_i_am_a_vegetarian,oas_spa_soy_vegetariano/a,vegetariano,shutterstock_381669301,,,,X,,,
¿Qué recomienda Ud.?,What do you recommend?,,你有什么推荐？,Food,Restaurant,x,✓,oas_eng_what_do_you_recommend?,oas_spa_que_recomienda_usted,recomendacion,shutterstock_111912710,,,,X,,,
el menú del día,daily special,,每日特色菜,Food,Restaurant,✓,✓,oas_eng_daily_special,oas_spa_el_menu_del_dia,menu_del_dia,shutterstock_195079835,,,,X,,,
el dedo,finger,,手指,Doctor,,✓,x (tamaño),oas_eng_finger,oas_spa_el_dedo,oas_dedo,shutterstock_359007755,,,,X,,,
la especialidad de la casa,specialty of the house,,本楼特色菜,Food,Restaurant,✓,✓,oas_eng_specialty_of_the_house,oas_spa_la_especialidad_de_la_casa,especialidad,shutterstock_100074425,,,,X,,,
¡Tengo prisa!,I’m in a hurry!,,我赶时间！,Food,Restaurant,✓,✓,oas_eng_im_in_a_hurry,oas_spa_tengo_prisa,prisa,shutterstock_139462880,,,,X,"Corregir apóstrofe en inglés, están usando tilde.",,
¡Qué rico! Me gusta mucho la comida!,Delicious! I love the food!,,好吃！我爱吃这里的食物！,Food,Restaurant,✓,✓,oas_eng_delicious_i_love_the_food,oas_spa_que_rico_me_gusta_mucho_la_comida,delicioso,shutterstock_117903814,,,,X,,,
Quisiera pedir otra cosa.,I would like to order something else.,,我想点些别的东西,Food,Restaurant,✓,✓,oas_eng_i_would_like_to_order_something_else,oas_spa_quisiera_pedir_otra_cosa,ordenar,shutterstock_132830537,,,,X,,,
"La cuenta, por favor.","The check, please.",,我要买单,Food,Restaurant,✓,✓,oas_eng_the_check,,cuenta,shutterstock_187768916,,,,X,,,
frío,cold,,冷,Food,Preparation,✓,x (pixelada),oas_eng_cold,oas_spa_frio,oas_frio,shutterstock_396304561,,,,X,,,
el bar,bar,,酒吧,Food,Restaurant,✓,✓,oas_eng_bar,oas_spa_el_bar,bar,shutterstock_332906033,,,,X,,,
la mano,hand,,手,Doctor,,✓,x (pixelada),oas_eng_hand,oas_spa_la_mano,oas_mano,shutterstock_138735755,,,,X,,,
un plato típico,regional specialty,,当地特色菜,Food,Restaurant,✓,x (pixelada),oas_eng_regional_specialty,oas_spa_un_plato_tipico,oas_plato_tipico,shutterstock_114952489,,,,X,,,
servicio incluido,tip included,,小费已包括在内,Food,Restaurant,✓,✓,oas_eng_tip_included,oas_spa_servicio_incluido,servicio,shutterstock_137002055,,,,X,,,
"el/la camarero/a, el/la mesero/a",waiter,,服务员,Food,Restaurant,✓,✓,oas_eng_waiter,oas_spa_el/la_camarero/a,mesero,shutterstock_395801389,,,X,,,,
Es la hora de comer.,It’s time to eat.,,现在是吃饭的时候了,Food,time to eat,x,✓,oas_eng_its_time_to_eat,oas_spa_es_la_hora_de_comer,hora_de_comer,shutterstock_283744508,,,,X,,,
Es la hora para (de) ....,It’s time for ...,,现在是______的时候了,Food,time to eat,✓,✓,oas_eng_its_time_for______,oas_spa_es_la_hora_para_(de)______,es_la_hora,shutterstock_100574998,,,,X,,,
las tapas,appetizers,,开胃菜,Food,time to eat,✓,✓,oas_eng_appetizers,oas_spa_las_tapas,tapas,shutterstock_375849487,,,,X,,,
el desayuno,breakfast,,早餐,Food,time to eat,✓,✓,oas_eng_breakfast,oas_spa_el_desayuno,desayuno,shutterstock_383834449,,,,X,,,
el postre,dessert,,甜点,Food,time to eat,✓,✓,oas_eng_dessert,oas_spa_el_postre,postre,shutterstock_84724108,,,,X,,,
"la cena, la comida",dinner,,晚餐,Food,time to eat,✓,✓,oas_eng_dinner,oas_spa_la_cena,cena,shutterstock_68695255,,,,X,,,
el primer plato,first course,,第一道菜,Food,time to eat,✓,✓,oas_eng_first_course,oas_spa_el_primer_plato,primer_plato,shutterstock_401324575,,,,X,,,
el almuerzo,lunch,,午餐,Food,time to eat,✓,✓,oas_eng_lunch,oas_spa_el_almuerzo,almuerzo,shutterstock_427193716,,,,X,,,
el plato principal,main course,,主菜,Food,time to eat,✓,✓,oas_eng_main_course,oas_spa_el_plato_principal,plato_principal,shutterstock_8548894,,,,X,,,
los refrescos,refreshments,,茶点,Food,time to eat,✓,✓,oas_eng_refreshments,oas_spa_los_refrescos,refrescos,shutterstock_415239661,,,,X,,,
"el bocado, la merienda",snack,,小吃；零食,Food,time to eat,✓,x,oas_eng_snack,oas_spa_el_bocado,bocado,shutterstock_143405038,,,,X,,,
en la mesa,on the table,,,,,NA,NA,oas_eng_on_the_table,oas_spa_en_la_mesa,on_the_table,shutterstock_288046142,,,,X,,,
el pulmón,lung,,肺,Doctor,,✓,x (pixelada),oas_eng_lung,oas_spa_el_pulmon,oas_pulmon,shutterstock_128565341,,,,X,,,
la jarra,pitcher,,广口壶；大水罐,Food,Table,✓,✓,oas_eng_pitcher,oas_spa_la_jarra,jarra,shutterstock_225871522,,,,X,,,
"el tazón, el cuenco",bowl,,碗,Food,Table,x,✓,oas_eng_bowl,oas_spa_el_tazon,cuenco,shutterstock_335706137,,,,X,,,
Tengo una mesa reservada para las ocho.,I have a reservation for 8:00.,,我预订了8:00的餐位。,Food,Restaurant,✓,x (pixelada),oas_eng_i_have_a_reservation_for_8:00,oas_spa_tengo_una_mesa_reservada_para_las_ocho,oas_reserva,shutterstock_93998302,,,,X,,,
octubre,October,,十月,Time,Months,✓,x (pixelada),oas_eng_october,oas_spa_octubre,octubre,,,,X,,,,
"el fósforo, la cerilla (Esp.)",match,,火柴,Food,Table,✓,✓,oas_eng_match,oas_spa_el_fosforo,fosforo,shutterstock_125477483,,,,X,,,
las flores,flowers,,花,Food,Table,✓,x,oas_eng_flowers,oas_spa_las_flores,,,,,X,,,,
el pan,bread,,面包,Food,Names,✓,x (pixelada),oas_eng_bread,oas_spa_el_pan,pan,,,,X,,,,
la taza,cup,,茶杯（通常带把手）,Food,Table,x,✓,oas_eng_cup,oas_spa_la_taza,taza,shutterstock_362936546,,,,X,,,
los pantalones,pants,,裤子,Clothing,,✓,x (pixelada),oas_eng_pants,oas_spa_los_pantalones,pantalones,,,,X,,,,
el papel higiénico,toilet paper,,厕纸,Hotel,,✓,x (pixelada),oas_eng_toilet_paper,oas_spa_el_papel_higienico,papel_higienico,shutterstock_150305777,,,,X,,,
el paraguas,umbrella,,雨伞,Clothing,,✓,x (pixelada),oas_eng_umbrella,oas_spa_el_paraguas,paraguas,,,,X,,,,
la servilleta,napkin,,餐巾,Food,Table,✓,x,oas_eng_napkin,oas_spa_la_servilleta,servilleta,shutterstock_188365268,,,,X,,,
el mantel,tablecloth,,桌布,Food,Table,✓,✓,oas_eng_tablecloth,oas_spa_el_mantel,mantel,shutterstock_476966203,,,,X,,,
Conversación básica,Basic conversation,,,,,NA,NA,oas_eng_basic_conversation,oas_spa_conversacion_basica,basic_conversation,shutterstock_70152043,,,,X,,,
"Buenos días, señora.","Good morning, ma'am.",,夫人，早上好,Conversation,,✓,x,oas_eng_good_morning,,,,,,X,,,,
"¿Cómo está usted, señor?","How are you, sir?",,〜你好吗，先生？,Conversation,,✓,x,oas_eng_how_are_you,,,,,,X,,¿Para qué el guión si los demás no lo traen?,,
"Muy bien, gracias.","Very well, thank you",,很好，谢谢,Conversation,,✓,x,oas_eng_very_well,,,,,,X,,,,
¿Y usted?,And you?,,你呢？,Conversation,,x,✓,oas_eng_and_you?,oas_spa_y_usted,y_usted,shutterstock_6980614,,,,X,,,
Un poco cansado/a.,A little tired.,,〜有点累,Conversation,,✓,✓,oas_eng_a_little_tired,oas_spa_un_poco_cansado/a,cansado,shutterstock_113845621,,,,X,¿Para qué el guión si los demás no lo traen?,,
"Adiós, amigo/a.","Goodbye, my friend.",,再见，我的朋友,Conversation,,✓,x,oas_eng_goodbye,,,,,,X,,,,
Hasta luego.,See you later.,,〜回头见,Conversation,,✓,x,oas_eng_see_you_later,oas_spa_hasta_luego,,,,,X,,¿Para qué el guión si los demás no lo traen?,,
"Hola, ¿Cómo se llama Ud.?",Hello. What’s your name?,,你好，你叫什么名字？,Conversation,,x,✓,oas_eng_hello_whats_your_name?,oas_spa_hola_como_se_llama_usted,nombre,shutterstock_380751088,,,,X,"Corregir apóstrofe en inglés, están usando tilde. Poner punto después  Hello.",,
Me llamo Conchita.,My name is Conchita.,,〜我的名字是孔奇塔,Conversation,,✓,x,oas_eng_my_name_is_conchita,oas_spa_me_llamo_conchita,,,,,X,,¿Para qué el guión si los demás no lo traen?,,
el parque,park,,公园,Traveling,Town,✓,x (pixelada),oas_eng_park,oas_spa_el_parque,parque,,,,X,,,,
Soy de Los Ángeles.,I am from Los Angeles.,,〜洛杉矶,Conversation,,✓,✓,oas_eng_los_angeles,oas_spa_soy_de_los_ángeles,los_angeles,shutterstock_140026564,,,,X,¿Para qué el guión si los demás no lo traen?,,
¿Le gusta su viaje?,Are you enjoying your trip?,,你享受你的旅行吗？,Conversation,,✓,✓,oas_eng_are_you_enjoying_your_trip?,oas_spa_le_gusta_su_viaje,are_you_enjoying_your_trip,shutterstock_392901535,,,,X,,,
"Más o menos, pero ...","More or less, but ...",,〜还行吧，,Conversation,,✓,✓,oas_eng_more_or_less,oas_spa_mas_o_menos,mas_o_menos,shutterstock_452970226,,,,X,"¿Para qué el guión si los demás no lo traen? Completar la frase en español o poner pero con puntos suspensivos: pero... Este audio debe dividirse, hay dos entreadas para un solo audio.",,
¡se me perdió el pasaporte!,but I lost my passport!,,但是我把护照丢了！,Conversation,,✓,✓,oas_eng_but_i_lost_my_passport,oas_spa_se_me_perdio_el_pasaporte,perdio_pasaporte,shutterstock_341721680,,,,X," Este audio debe dividirse, hay dos entreadas para un solo audio.",,
¡Qué pena! Buena suerte.,Too bad! Good luck.,,太糟糕了！祝你好运,Conversation,,✓,✓,oas_eng_too_bad_good_luck,oas_spa_que_pena_buena_suerte,buena_suerte,shutterstock_278472458,,,,X,,,
Gracias. Adiós.,Thanks. Goodbye.,,〜谢谢，再见,Conversation,,✓,✓,oas_eng_thanks,,adios,shutterstock_323639588,,,,X,¿Para qué el guión si los demás no lo traen?,,
Perdón. ¿Podría Ud. ayudarme?,Excuse me. Could you help me?,,对不起，你可以帮帮我吗？,Conversation,,x,✓,oas_eng_excuse_me._could_you_help_me?,oas_spa_perdon_podria_usted_ayudarme,ayudarme,shutterstock_250176187,,,,X,,,
Lo siento. No hablo muy bien el español.,I’m sorry. I don’t speak Spanish very well,,〜抱歉，我的西班牙语说得不是太好,Conversation,,✓,✓,oas_eng_im_sorry._i_dont_speak_spanish_very_well,oas_spa_lo_siento_no_hablo_muy_bien_el_espanol,no_hablo_espanol,shutterstock_470150930,,,,X,"Corregir apóstrofe en inglés, están usando tilde. ¿Para qué el guión si los demás no lo traen?",,
Lo siento No hablo muy bien el inglés.,I’m sorry. I don’t speak English very well.,,〜抱歉，我的西班牙语说得不是太好,Conversation,,x,✓,oas_eng_im_sorry._i_dont_speak_english_very_well,oas_spa_lo_siento_no_hablo_muy_bien_el_ingles,no_hablo_ingles,shutterstock_367277360,,,,X,"Corregir apóstrofe en inglés, están usando tilde. ¿Para qué el guión si los demás no lo traen?",,
¿Me puede decir cómo se va/llega a ...?,Can you please give me directions to ...?,,你能告诉我去___怎么走吗？,Conversation,,✓,✓,oas_eng_can_you_give_me_directions_to_____please?,oas_spa_me_puede_decir_como_se_va/llega_a______,como_se_llega,shutterstock_126628472,,,,X,,,
"¡Sí, claro!","Yes, of course!",,〜当然了！,Conversation,,✓,✓,oas_eng_of_course,oas_spa_si,si_claro,shutterstock_111140396,,,,X,¿Para qué el guión si los demás no lo traen?,,
Gracias.,Thanks. Goodbye.,,谢谢,Conversation,,✓,✓,oas_eng_thanks,oas_spa_gracias,Gracias,bigstock-The-Joy-Of-Life-119561765,,,,X,,,
el patinaje,skating,,滑冰,Activities,,✓,x (pixelada),oas_eng_skating,oas_spa_el_patinaje,patinaje,,,,X,,,,
Hola. Buenas tardes.,Hello. Good afternoon.,,你好。下午好,Conversation,,✓,✓,oas_eng_hello._good_afternoon,oas_spa_hola_buenas_tardes,buenas_tardes,shutterstock_331438364,,,,X,,,
"¡Repita, por favor!",Could you repeat that?,,〜你能再说一遍吗？,Conversation,,x,✓,oas_eng_could_you_repeat_that?,oas_spa_repita_por_favor,repita,shutterstock_61615519,,,,X,,,
Perfecto. Comprendo.,Perfect. I understand,,〜太好了。我明白了。,Conversation,,✓,✓,oas_eng_perfect._i_understand,oas_spa_perfecto_comprendo,perfecto,shutterstock_129630086,,,,X,,,
¿Bienvenidos a Lima! ¿Quieren Uds. un/una guía?,Welcome to Lima! Do you want a guide?,,欢迎来到利马！你要向导吗？,Conversation,,x,✓,oas_eng_welcome_to_lima_do_you_want_a_guide?,oas_spa_bienvenidos_a_lima,guia,shutterstock_290914715,,,,X,,,
"No, gracias.","No, thank you.",,〜不用了，谢谢,Conversation,,x,✓,oas_eng_no_thank_you,oas_spa_no_gracias,no,shutterstock_417966274,,,,X,,,
¿Puedo tomar una foto?,May I take a photo?,,我可以拍张照片吗？,Conversation,,x,✓,oas_eng_may_i_take_a_photo,oas_spa_puedo_sacar_una_foto,tomar_foto,shutterstock_114712531,,,,X,,,
¡Claro que si!,Of course!,,〜当然了！,Conversation,,no está,no está,oas_eng_of_course,oas_spa_claro_que_si,si_claro,shutterstock_111140396,,,,X,,,
PREGUNTAS,QUESTIONS,,提问,Conversation,Questions,NA,NA,oas_eng_questions,oas_spa_preguntas,preguntas,shutterstock_278921753,,,,X,,,
¿CÓMO está usted?,HOW are you?,,你好吗？,Conversation,Questions,✓,✓,oas_eng_how_are_you?,oas_spa_cómo_esta_usted,como_esta,shutterstock_360460739,,,,X,,,
¿CUÁNTAS horas más?,HOW MANY more hours?,,还要多少个小时？,Conversation,Questions,✓,✓,oas_eng_how_many_more_hours?,oas_spa_cuántas_horas_mas,cuantas_horas,shutterstock_321849506,,,,X,,,
¿Por qué vamos allí?,WHY are we going there?,,,Conversation,Questions,x,✓,oas_eng_why_are_we_going_there?,oas_spa_por_que_vamos_alli,por_que_vamos,shutterstock_104367074,,,,X,,,
"¿Adónde vamos?
",WHERE are we going?,,,Conversation,Questions,x,✓,oas_eng_where_are_we_going?,"oas_spa_adonde_vamos
",adonde_vamos,shutterstock_80397523,,,,X,,,
¿CUÁNTO cuesta?,HOW MUCH does it cost?,,这个多少钱？,Conversation,Questions,✓,✓,oas_eng_how_much_does_it_cost?,oas_spa_cuánto_cuesta,cuanto_cuesta,shutterstock_216498022,,,,X,,,
¿CÓMO se dice en español ...?,HOW do you say in Spanish ...?,,用西班牙语怎么说？,Conversation,Questions,✓,✓,oas_eng_how_do_you_say_in_spanish?,oas_spa_cómo_se_dice_en_espanol,como_se_dice_en_espanol,shutterstock_143896192,,,,X,,,
¿CÓMO se dice en inglés?,HOW do you say in English?,,用西班牙语怎么说？,Conversation,Questions,x,✓,oas_eng_how_do_you_say_in_english?,oas_spa_cómo_se_dice_en_ingles,como_se_dice_en_ingles,shutterstock_142489033,,,,X,,,
¿QUÉ es eso?,WHAT is that?,,那是什么？,Conversation,Questions,✓,✓,oas_eng_what_is_that?,oas_spa_qué_es_eso,que_es_eso,shutterstock_201555401,,,,X,,,
¿CUÁNDO vamos al mercado?,WHEN are we going to the market?,,我们什么时候去市场？,Conversation,Questions,✓,✓,oas_eng_when_are_we_going_to_the_market?,oas_spa_cuándo_vamos_al_mercado,cuando_vamos_al_mercado,shutterstock_166335821,,,,X,,,
¿DÓNDE está el (cuarto de) baño?,WHERE is the bathroom?,,洗手间在哪里？,Conversation,Questions,✓,✓,oas_eng_where_is_the_bathroom?,oas_spa_dónde_esta_el_(cuarto_de)_bano,donde_esta_el_bano,shutterstock_63968566,,,,X,,,
¿CUÁL es el/la mejor?,WHICH is the best?,,哪个最好？,Conversation,Questions,x,✓,oas_eng_which_is_the_best?,oas_spa_cual_es_el_mejor,cual_es_mejor,shutterstock_340187012,,,,X,,,
¿QUIÉN es?,WHO is it?,,是谁？,Conversation,Questions,✓,✓,oas_eng_who_is_it?,oas_spa_quién_es,quien_es,shutterstock_226746925,,,,X,,,
¿POR QUÉ está cerrado?,WHY is it closed?,,为什么关门了？,Conversation,Questions,✓,✓,oas_eng_why_is_it_closed?,oas_spa_por_qué_esta_cerrado,cerrado,shutterstock_2713536,,,,X,,,
"¿QUÉ hora es?
",WHAT time is it? ,,,Conversation,Questions,✓,✓,oas_eng_what_time_is_it?_,"oas_spa_que_hora_es
",que_hora_es,shutterstock_296761286,,,,X,,,
¿DÓNDE se puede(n) comprar ...?,WHERE can I buy ...?,,我在哪里可以买到__？,Conversation,Questions,✓,✓,oas_eng_where_can_i_buy__?,oas_spa_dónde_se_puede(n)_comprar__,donde_se_puede_comprar,shutterstock_378484438,,,,X,,,
"caramelos, dulces",candy,,糖果,Conversation,Questions,✓,✓,oas_eng_candy,oas_spa_caramelos,dulces,shutterstock_85923595,,,,X,,,
chicle,gum,,口香糖,Conversation,Questions,✓,✓,oas_eng_gum,oas_spa_chicle,chicle,,,,X,,,,
el esquí,skiing,,滑雪,Activities,,✓,x (pixelada) Esta repetida en patinaje,oas_eng_skiing,oas_spa_el_esqui,patinaje,,,,X,,,,
un periódico,newspaper,,报纸,Conversation,Questions,✓,✓,oas_eng_newspaper,oas_spa_un_periodico,periodico,shutterstock_143673964,,,,X,,,
la película (el rollo de),film (roll of),,胶卷,Packing,,✓,x (pixelada),oas_eng_film,oas_spa_la_pelicula,pelicula,shutterstock_289132463,,,,X,,,
"estampillas, sellos (Esp.)",stamps,,邮票,Conversation,Questions,✓,✓,oas_eng_stamps,oas_spa_estampillas,estampillas,shutterstock_116226646,,,,X,,,
una tarjeta telefónica,telephone card,,电话卡,Conversation,Questions,✓,x,oas_eng_telephone_card,oas_spa_una_tarjeta_telefonica,,shutterstock_7418248,,,,X,,,
Los días de la semana,DAYS,,天,Time,Days,NA,NA,oas_eng_days,oas_spa_los_dias_de_la_semana,days,shutterstock_369773069,,,,X,,,
el pescado,fish,,鱼,Food,Names,✓,x (pixelada),oas_eng_fish,oas_spa_el_pescado,pescado,,,,X,,,,
la pierna,leg,,腿,Doctor,,✓,x (pixelada),oas_eng_leg,oas_spa_la_pierna,pierna,,,,X,,,,
la pimienta,pepper,,胡椒,Food,Names,✓,x (pixelada),oas_eng_pepper,oas_spa_la_pimienta,pimienta,,,,X,,,,
el plato,plate,,盘子,Food,Table,✓,x (pixelada),oas_eng_plate,oas_spa_el_plato,plato,,,,X,,,,
el pollo,chicken,,鸡肉,Food,Names,✓,x (pixelada),oas_eng_chicken,oas_spa_el_pollo,pollo,,,,X,,,,
la propina,tip,,小费,Food,Restaurant,✓,x (pixelada),oas_eng_tip,oas_spa_la_propina,propina,,,,X,,,,
el pueblo,village,,村,Traveling,Town,✓,x (pixelada),oas_eng_village,oas_spa_el_pueblo,pueblo,,,,X,,,,
el día,day,,天,Time,Days,✓,✓,oas_eng_day,oas_spa_el_dia,day,shutterstock_230866189,,,,X,,,
la puesta del sol,sunset,,日落,Time,Hours,✓,x (pixelada),oas_eng_sunset,oas_spa_la_puesta_del_sol,puesta_del_sol,,,,X,,,,
hoy,today,,今天,Time,Days,✓,✓,oas_eng_today,oas_spa_hoy,today,shutterstock_117378271,,,,X,,,
la pulsera,bracelet,,手链,Clothing,,✓,x (pixelada),oas_eng_bracelet,oas_spa_la_pulsera,pulsera,,,,X,,,,
la semana,week,,星期／周,Time,Days,✓,✓,oas_eng_week,oas_spa_la_semana,week,shutterstock_133338299,,,,X,,,
la semana pasada,last week,,上个星期／上周,Time,Days,✓,✓,oas_eng_last_week,oas_spa_la_semana_pasada, last_week,shutterstock_123495664,,,,X,,,
hace dos semanas,two weeks ago,,两周前,Time,Days,✓,✓,oas_eng_two_weeks_ago,oas_spa_hace_dos_semanas,two_weeks_ago,shutterstock_114071461,,,,X,,,
¿Qué tiempo hace hoy?,How’s the weather today?,,天气怎么样？,Weather,,✓,x (pixelada),oas_eng_hows_the_weather,oas_spa_que_tiempo_hace_hoy,que-tiempo-hace-hoy,,,,X,,"Corregir apóstrofe en inglés, están usando tilde.",,
Los meses del año,Months,,月,Time,Months,NA,NA,oas_eng_months,oas_spa_los_meses_del_ano,months,shutterstock_116540710,,,,X,,,
el queso,cheese,,奶酪,Food,Names,✓,x (pixelada),oas_eng_cheese,oas_spa_el_queso,queso,,,,X,,,,
el quiosco,"newsstand, kiosk",,报刊亭，信息亭,Conversation,Shopping,✓,x (pixelada),oas_eng_newsstand,,quiosco,,,,,X,,,
el reloj,watch,,表,Packing,,✓,x (pixelada),oas_eng_watch,oas_spa_el_reloj,reloj,bigstock-Apple-Watch-Starts-Selling-Wor-87563357,,,,X,,,
el restaurante,restaurant,,餐厅,Food,Restaurant,✓,x (pixelada),oas_eng_restaurant,oas_spa_el_restaurante,restaurante,,,,X,,,,
un restaurante,restaurant,,餐厅,Conversation,Destinations,x,x (pixelada),oas_eng_restaurant,oas_spa_un_restaurante,restaurante,,,,X,,,,
una revista,magazine,,杂志,Conversation,Questions,✓,x (pixelada),oas_eng_magazine,oas_spa_una_revista,revista,,,,X,,,,
la ropa interior,underwear,,内衣,Clothing,,✓,x (pixelada),oas_eng_underwear,oas_spa_la_ropa_interior,ropa_interior,,,,X,,,,
sábado,Saturday,,星期六,Time,Days,✓,x (pixelada),oas_eng_saturday,oas_spa_sabado,sabado,,,,X,,,,
la sal,salt,,盐,Food,Names,✓,x (pixelada),oas_eng_salt,oas_spa_la_sal,sal,,,,X,,,,
Salida,Exit,,出口,Signage,,✓,x (pixelada),oas_eng_exit,oas_spa_salida,salida,,,,X,,,,
noviembre,November,,十一月,Time,Months,x,✓,oas_eng_november,oas_spa_noviembre,noviembre,,,,X,,,,
septiembre,September,,九月,Time,Months,✓,x (pixelada),oas_eng_september,oas_spa_septiembre,septiembre,,,,X,,,,
el mes,month,,月,Time,Months,✓,✓,oas_eng_month,oas_spa_el_mes,months,shutterstock_116540710,,,,X,,,
"el sombrero, la gorra, el gorro",hat,,帽子,Clothing,,x,x (pixelada),oas_eng_hat,oas_spa_el_sombrero,sombrero,,,,X,,,,
LAS CUATRO ESTACIONES,SEASONS,,季节,Time,Months,NA,NA,oas_eng_seasons,oas_spa_las_cuatro_estaciones,seasons,shutterstock_117896533,,,,X,,,
el invierno,winter,,冬季,Time,Seasons,✓,✓,oas_eng_winter,oas_spa_el_invierno,winter,shutterstock_343965608,,,,X,,,
la primavera,spring,,春季,Time,Seasons,✓,✓,oas_eng_spring,oas_spa_la_primavera,spring,shutterstock_91273541,,,,X,,,
el verano,summer,,夏季,Time,Seasons,✓,✓,oas_eng_summer,oas_spa_el_verano,summer,shutterstock_133074107,,,,X,,,
el otoño,fall,,秋季,Time,Seasons,✓,✓,oas_eng_fall,oas_spa_el_otono,fall,shutterstock_216228394,,,,X,,,
Las fechas,dates,,日期,Time,Dates,NA,NA,oas_eng_dates,oas_spa_las_fechas,,,,,X,,,,
¿Cuál es la fecha de hoy?,What is the date today?,,今天几号？,Time,Dates,✓,✓,oas_eng_what_is_the_date_today?,oas_spa_cual_es_la_fecha_de_hoy,what_date_is_today,shutterstock_47355808,,,,X,,,
Hoy es el cinco de mayo.,Today is May 5,,今天是5月5日,Time,Dates,✓,✓,oas_eng_today_is_may_5,oas_spa_hoy_es_el_cinco_de_mayo,today_is_may_5,shutterstock_183590399,,,,X,,,
¿Cuál es la fecha de mañana?,What is the date tomorrow?,,明天几号？,Time,Dates,✓,x,oas_eng_what_is_the_date_tomorrow?,oas_spa_cual_es_la_fecha_de_manana,,shutterstock_89403487,,,,X,,,
Mañana es el cuatro de julio.,Tomorrow is July 4,,明天是7月4日,Time,Dates,✓,✓,oas_eng_tomorrow_is_july_4,oas_spa_manana_es_el_cuatro_de_julio,tomorrow_is_july_4,shutterstock_191848559,,,,X,,,
¿Qué hora es?,Time,,时间,Time,Hours,NA,NA,oas_eng_time,oas_spa_que_hora_es,,,,,,X,,,
Es la una (de la mañana),It’s 1:00 a.m.,,现在是凌晨一点,Time,Hours,✓,✓,oas_eng_its_1am,oas_spa_es_la_una,its_1_am,,,,,X,"Corregir apóstrofe en inglés, están usando tilde.",,
Son las dos y media (de la tarde),It’s 2:30 p.m.,,现在是下午两点半,Time,Hours,✓,✓,oas_eng_its_2:30_p.m.,oas_spa_son_las_dos_y_media,its_230pm,,,,,X,"Corregir apóstrofe en inglés, están usando tilde.",,
Son las nueve y cinco (de la noche),It’s 9:05 p.m.,,现在是晚上九点零五分,Time,Hours,✓,x,oas_eng_its_9:05_p.m.,oas_spa_son_las_nueve_y_cinco,its_905pm,,,,,X,"Corregir apóstrofe en inglés, están usando tilde.",,
Ahora son las tres y cuarto,Now it’s 3:15.,,现在是三点十五分,Time,Hours,✓,✓,oas_eng_now_its_3:15,oas_spa_ahora_son_las_tres_y_cuarto,now_its_315,,,,,X,"Corregir apóstrofe en inglés, están usando tilde.",,
Son las cinco menos diez.,It’s ten minutes before 5:00,,这是差十分钟五点。,Time,Hours,✓,✓,oas_eng_its_ten_minutes_before_5:00,oas_spa_son_las_cinco_menos_diez,its_10to5,,,,,X,"Corregir apóstrofe en inglés, están usando tilde.",,
temprano,early,,早,Time,Hours,✓,x,oas_eng_early,oas_spa_temprano,,,,,X,,,,
tarde,late,,晚／迟,Time,Hours,✓,✓,oas_eng_late,oas_spa_tarde,late,shutterstock_93860992,,,,X,,,
la media hora,half-hour,,半小时,Time,Hours,✓,✓,oas_eng_half-hour,oas_spa_la_media_hora,half-hour,,,,,X,,,
la hora,hour,,小时,Time,Hours,✓,✓,oas_eng_hour,oas_spa_la_hora,hour,,,,,X,,,
la medianoche,midnight,,午夜,Time,Hours,✓,✓,oas_eng_midnight,oas_spa_la_medianoche,midnight,,,,,X,,,
el minuto,minute,,分钟,Time,Hours,✓,✓,oas_eng_minute,oas_spa_el_minuto,minute,shutterstock_129322334,,,,X,,,
el mediodía,noon,,中午,Time,Hours,✓,x,oas_eng_noon,oas_spa_el_mediodia,midnight,,,,,X,,,
la sopa,soup,,汤,Food,Names,✓,x (pixelada),oas_eng_soup,oas_spa_la_sopa,sopa,,,,X,,,,
"comience, empiece",start,,开始,Conversation,Directions,✓,x (tamaño),oas_eng_start,oas_spa_comience,start,shutterstock_138313187,,,X,,,,
a tiempo,on time,,准时,Time,Hours,✓,✓,oas_eng_on_time,oas_spa_a_tiempo,on_time,shutterstock_150835652,,,,X,,,
subir,go up,,上去,Conversation,Directions,✓,x (pixelada),oas_eng_go_up,oas_spa_subir,subir,,,,X,,,,
el segundo,second,,秒,Time,Hours,✓,✓,oas_eng_second,oas_spa_el_segundo,second,shutterstock_125199302,,,,X,,,
a veces,sometimes,,有时,Time,Hours,✓,✓,oas_eng_sometimes,oas_spa_a_veces,sometimes,shutterstock_2862766,,,,X,,,
pronto,soon,,不久,Time,Hours,✓,✓,oas_eng_soon,oas_spa_pronto,soon,shutterstock_385462372,,,,X,,,
la salida del sol,sunrise,,日出,Time,Hours,✓,✓,oas_eng_sunrise,oas_spa_la_salida_del_sol,salida_del_sol,,,,X,,,,
el suéter,sweater,,毛衣,Clothing,,✓,x (pixelada),oas_eng_sweater,oas_spa_el_sueter,sueter,shutterstock_108739109,,,X,,,,
¿DE QUÉ COLOR ES?,What color is it?,,这是什么颜色？,Colors,,✓,x,oas_eng_what_color_is_it?,oas_spa_de_qué_color_es,,shutterstock_389528644,,,,X,no debe ser en mayúsculas sostenidas,,
negro,black,,黑色,Colors,,✓,✓,oas_eng_black,oas_spa_negro,negro,,,,X,,,,
azul,blue,,蓝色,Colors,,✓,✓,oas_eng_blue,oas_spa_azul,azul,,,,X,,,,
marrón,brown,,棕色,Colors,,✓,✓,oas_eng_brown,oas_spa_marron,marron,,,,X,,,,
coralino,coral,,珊瑚色,Colors,,✓,✓,oas_eng_coral,oas_spa_coralino,coral,shutterstock_243146095,,,,X,,,
dorado,gold,,金色,Colors,,✓,✓,oas_eng_gold,oas_spa_dorado,golden,shutterstock_161317937,,,,X,,,
gris,gray,,灰色,Colors,,✓,✓,oas_eng_gray,oas_spa_gris,gris,,,,X,,,,
verde,green,,绿色,Colors,,✓,✓,oas_eng_green,oas_spa_verde,verde,,,,X,,,,
anaranjado,orange,,橙色,Colors,,✓,✓,oas_eng_orange,oas_spa_anaranjado,anaranjado,,,,X,,,,
rosado,pink,,粉红色,Colors,,✓,✓,oas_eng_pink,oas_spa_rosado,rosado,,,,X,,,,
morado,purple,,紫色,Colors,,✓,✓,oas_eng_purple,oas_spa_morado,purple,shutterstock_257548306,,,,X,,,
rojo,red,,红色,Colors,,✓,✓,oas_eng_red,oas_spa_rojo,red,shutterstock_292140977,,,,X,,,
plateado,silver,,银色,Colors,,✓,✓,oas_eng_silver,oas_spa_plateado,silver,shutterstock_143690194,,,,X,,,
turquesa,turquoise,,绿松石色／蓝绿色,Colors,,✓,✓,oas_eng_turquoise,oas_spa_turquesa,turquoise,shutterstock_125650301,,,,X,,,
violeta,violet,,紫色,Colors,,✓,✓,oas_eng_violet,oas_spa_violeta,violet,shutterstock_397276885,,,,X,,,
blanco,white,,白色,Colors,,✓,✓,oas_eng_white,oas_spa_blanco,blanco,,,,X,,,,
Amarillo,yellow,,黄色,Colors,,✓,✓,oas_eng_yellow,oas_spa_amarillo,amarillo,,,,X,,,,
Los números,NUMBERS,,数字,Numbers,Cardinal,NA,NA,oas_eng_numbers,oas_spa_los_numeros,numbers,shutterstock_141985606,,,,X,,,
cero,zero,,零,Numbers,Cardinal,✓,x,oas_eng_zero,oas_spa_cero,,,,,X,,,,
medio,one-half,,二分之一,Numbers,Cardinal,✓,✓,oas_eng_one_half,oas_spa_medio,half,shutterstock_342268787,,,,X,,,
uno,one,,一,Numbers,Cardinal,✓,✓,oas_eng_one,oas_spa_uno,uno,,,,X,,,,
dos,two,,二,Numbers,Cardinal,✓,✓,oas_eng_two,oas_spa_dos,dos,,,,X,,,,
tres,three,,三,Numbers,Cardinal,✓,✓,oas_eng_three,oas_spa_tres,tres,,,,X,,,,
cuatro,four,,四,Numbers,Cardinal,✓,✓,oas_eng_four,oas_spa_cuatro,cuatro,,,,X,,,,
cinco,five,,五,Numbers,Cardinal,✓,✓,oas_eng_five,oas_spa_cinco,cinco,,,,X,,,,
seis,six,,六,Numbers,Cardinal,✓,✓,oas_eng_six,oas_spa_seis,seis,,,,X,,,,
siete,seven,,七,Numbers,Cardinal,✓,✓,oas_eng_seven,oas_spa_siete,siete,,,,X,,,,
ocho,eight,,八,Numbers,Cardinal,✓,✓,oas_eng_eight,oas_spa_ocho,ocho,,,,X,,,,
nueve,nine,,九,Numbers,Cardinal,✓,✓,oas_eng_nine,oas_spa_nueve,nueve,,,,X,,,,
diez,ten,,十,Numbers,Cardinal,✓,✓,oas_eng_ten,oas_spa_diez,diez,,,,X,,,,
once,eleven,,十一,Numbers,Cardinal,✓,✓,oas_eng_eleven,oas_spa_once,once,,,,X,,,,
doce,twelve,,十二,Numbers,Cardinal,✓,✓,oas_eng_twelve,oas_spa_doce,doce,,,,X,,,,
trece,thirteen,,十三,Numbers,Cardinal,✓,✓,oas_eng_thirteen,oas_spa_trece,trece,,,,X,,,,
catorce,fourteen,,十四,Numbers,Cardinal,✓,✓,oas_eng_fourteen,oas_spa_catorce,catorce,,,,X,,,,
quince,fifteen,,十五,Numbers,Cardinal,✓,✓,oas_eng_fifteen,oas_spa_quince,quince,,,,X,,,,
dieciséis,sixteen,,十六,Numbers,Cardinal,✓,✓,oas_eng_sixteen,oas_spa_dieciseis,dieciseis,,,,X,,,,
diecisiete,seventeen,,十七,Numbers,Cardinal,✓,✓,oas_eng_seventeen,oas_spa_diecisiete,diecisiete,,,,X,,,,
dieciocho,eighteen,,十八,Numbers,Cardinal,✓,✓,oas_eng_eighteen,oas_spa_dieciocho,dieciocho,,,,X,,,,
diecinueve,nineteen,,十九,Numbers,Cardinal,✓,✓,oas_eng_nineteen,oas_spa_diecinueve,diecinueve,,,,X,,,,
veinte,twenty,,二十,Numbers,Cardinal,✓,✓,oas_eng_twenty,oas_spa_veinte,veinte,,,,X,,,,
veintiuno,twenty-one,,二十一,Numbers,Cardinal,✓,✓,oas_eng_twenty_one,oas_spa_veintiuno,veintiuno,,,,X,,,,
veintidós,twenty-two,,二十二,Numbers,Cardinal,✓,✓,oas_eng_twenty_two,oas_spa_veintidos,veintidos,,,,X,,,,
treinta,thirty,,三十,Numbers,Cardinal,✓,✓,oas_eng_thirty,oas_spa_treinta,treinta,,,,X,,,,
treinta y uno,thirty-one,,三十一,Numbers,Cardinal,✓,✓,oas_eng_thirty_one,oas_spa_treinta_y_uno,treinta-y-uno,,,,X,,,,
el supermercado,supermarket,,超级市场,Conversation,Shopping,✓,x (pixelada),oas_eng_supermarket,oas_spa_el_supermercado,supermercado,shutterstock_100209443,,,,X,,,
cuarenta,forty,,四十,Numbers,Cardinal,✓,✓,oas_eng_forty,oas_spa_cuarenta,40,shutterstock_462281278,,,X,,,,
cincuenta,fifty,,五十,Numbers,Cardinal,✓,✓,oas_eng_fifty,oas_spa_cincuenta,50,shutterstock_384056824,,,X,,,,
sesenta,sixty,,六十,Numbers,Cardinal,✓,✓,oas_eng_sixty,oas_spa_sesenta,60,shutterstock_357401276,,,X,,,,
setenta,seventy,,七十,Numbers,Cardinal,✓,✓,oas_eng_seventy,oas_spa_setenta,70,shutterstock_376919161,,,X,,,,
ochenta,eighty,,八十,Numbers,Cardinal,✓,✓,oas_eng_eighty,oas_spa_ochenta,80,shutterstock_289150061,,,X,,,,
noventa,ninety,,九十,Numbers,Cardinal,✓,✓,oas_eng_ninety,oas_spa_noventa,90,shutterstock_333825191,,,X,,,,
cien,one hundred,,一百,Numbers,Cardinal,✓,✓,oas_eng_one_hundred,oas_spa_cien,100,shutterstock_114765652,,,X,,,,
doscientos,two hundred,,两百,Numbers,Cardinal,✓,✓,oas_eng_two_hundreds,oas_spa_doscientos,200,shutterstock_478697371,,,X,,,,
quinientos,five hundred,,五百,Numbers,Cardinal,✓,✓,oas_eng_five_hundreds,oas_spa_quinientos,500,shutterstock_226973116,,,X,,,,
setecientos,seven hundred,,七百,Numbers,Cardinal,✓,✓,oas_eng_seven_hundreds,oas_spa_setecientos,700,shutterstock_469122791,,,X,,,,
ochocientos,eight hundred,,八百,Numbers,Cardinal,✓,✓,oas_eng_eight_hundreds,oas_spa_ochocientos,800,shutterstock_262609259,,,X,,,,
novecientos,nine hundred,,九百,Numbers,Cardinal,✓,✓,oas_eng_nine_hundreds,oas_spa_novecientos,900,,,,X,,,,
mil,one thousand,,一千,Numbers,Cardinal,✓,✓,oas_eng_one_thousand,oas_spa_mil,1000,shutterstock_360121655,,,X,,,,
un millón (de),one million,,一百万,Numbers,Cardinal,✓,✓,oas_eng_one_million,oas_spa_un_millon_(de),one_million,shutterstock_63306502,,,X,,,,
Números ordinales,Ordinal numbers,,序数,Numbers,Ordinal,NA,NA,oas_eng_ordinal_numbers,oas_spa_numeros_ordinales,ordinal_numbers,shutterstock_190916126,,,X,,,,
primero,first,,第一,Numbers,Ordinal,✓,✓,oas_eng_first,oas_spa_primero,first,shutterstock_431947249,,,X,,,,
segundo,second,,第二,Numbers,Ordinal,✓,✓,oas_eng_second,oas_spa_segundo,2nd,shutterstock_253531111,,,X,,,,
postales,postcards,,明信片,Conversation,Questions,✓,x (pixelada),oas_eng_postcards,oas_spa_postales,tarjeta_postal,,,,X,,,,
cuarto,fourth,,第四,Numbers,Ordinal,✓,✓,oas_eng_fourth,oas_spa_cuarto,4th,shutterstock_285834011,,,X,,,,
el té,tea,,茶,Food,Drink,✓,x (pixelada),oas_eng_tea,oas_spa_el_te,te,,,,X,,,,
sexto,sixth,,第六,Numbers,Ordinal,✓,✓,oas_eng_sixth,oas_spa_sexto,6th,shutterstock_362044334,,,X,,,,
séptimo,seventh,,第七,Numbers,Ordinal,✓,✓,oas_eng_seventh,oas_spa_septimo,7th,shutterstock_273756350,,,X,,,,
octavo,eighth,,第八,Numbers,Ordinal,✓,✓,oas_eng_eighth,oas_spa_octavo,8th,shutterstock_405751072,,,X,,,,
noveno,ninth,,第九,Numbers,Ordinal,✓,✓,oas_eng_ninth,oas_spa_noveno,9th,shutterstock_365617397,,,X,,,,
décimo,tenth,,第十,Numbers,Ordinal,✓,✓,oas_eng_tenth,oas_spa_decimo,10th,shutterstock_421250635,,,X,,,,
Quiero ir al mercado.,I want to go to the market.,,我想去市场,Conversation,Directions,x,✓,oas_eng_i_want_to_go_to_the_market,oas_spa_quiero_ir_al_mercado,i_want_to_go_to_the_market,shutterstock_149345627,,,X,,,,
¿Podría Ud. indicármelo en el mapa?,Can you show me it on the map?,,你能在地图上给我指出它的位置吗？,Conversation,Directions,x,✓,oas_eng_can_you_show_me_it_on_the_map?,oas_spa_podria_ud_indicarmelo_en_el_mapa,can_you_show_me_it_on_the_map,shutterstock_110680448,,,X,,poner punto después de Ud.,,
¿Podría Ud. escribirlo por favor?,Can you write that down please?,,你可以写下来吗？,Conversation,Directions,x,✓,oas_eng_can_you_write_that_down_please?,oas_spa_podria_ud_escribirlo_por_favor,can_you_write_that_down_please,shutterstock_1341939,,,X,,poner punto después de Ud.,,
el tenedor,fork,,叉子,Food,Table,✓,x (pixelada),oas_eng_fork,oas_spa_el_tenedor,tenedor,,,,X,,,,
continúe/ande,continue/walk,,继续/步行,Conversation,Directions,✓,✓,oas_eng_continue/walk,oas_spa_continue/ande,continue,shutterstock_150128987,,,X,,,,
"dé la vuelta, doble, gire",turn,,转,Conversation,Directions,✓,✓,oas_eng_turn,oas_spa_de_la_vuelta,turn,shutterstock_461185633,,,X,,,,
cruce,cross,,穿过（马路）,Conversation,Directions,✓,✓,oas_eng_cross,oas_spa_cruce,cross,shutterstock_24636823,,,X,,,,
"regrese, vuelva",return,,返回,Conversation,Directions,✓,✓,oas_eng_return,oas_spa_regrese,return,shutterstock_204663160,,,X,,,,
llegue,arrive,,到达,Conversation,Directions,✓,✓,oas_eng_arrive,oas_spa_llegue,arrive,shutterstock_167375330,,,X,,,,
al principio,at the beginning,,最初,Conversation,Directions,✓,✓,oas_eng_at_the_beginning,oas_spa_al_principio,at_the_beginning,shutterstock_319218734,,,X,,,,
medio,middle,,中间,Conversation,Directions,✓,✓,oas_eng_middle,oas_spa_medio,middle,shutterstock_319072733,,,X,,,,
final,end,,结束,Conversation,Directions,x,✓,oas_eng_end,oas_spa_al_final,final,shutterstock_461122009,,,,X,,,
en la esquina,at the corner,,在角落,Conversation,Directions,✓,✓,oas_eng_at_the_corner,oas_spa_en_la_esquina,esquina,shutterstock_360854978,,,,X,,,
entre,between,,之间,Conversation,Directions,✓,✓,oas_eng_between,oas_spa_entre,entre,shutterstock_317047874,,,,X,,,
rápido,fast,,快,Conversation,Directions,✓,✓,oas_eng_fast,oas_spa_rapido,rapido,shutterstock_127513946,,,,X,,,
"lento, despacio",slow,,慢,Conversation,Directions,✓,x,oas_eng_slow,oas_spa_lento,lento,,,,X,,,,
las tijeras,scissors,,剪刀,Pharmacy,,✓,x (pixelada),oas_eng_scissors,oas_spa_las_tijeras,tijeras,,,,X,,,,
una toalla,towel,,毛巾,Hotel,,✓,x (pixelada),oas_eng_towel,oas_spa_una_toalla,toalla,,,,X,,,,
aquí,here,,这里,Conversation,Directions,✓,✓,oas_eng_here,oas_spa_aqui,here,shutterstock_81063217,,,,X,,,
mañana,tomorrow,,明天,Time,Days,✓,x (pixelada),oas_eng_tomorrow,oas_spa_manana,tomorrow,shutterstock_16945984,,,,X,,,
delante de,in front of,,在前面,Conversation,Directions,✓,x,oas_eng_in_front_of,oas_spa_delante_de,,,,,X,,,,
detrás de,in back of,,在后面,Conversation,Directions,✓,✓,oas_eng_in_back_of,oas_spa_detras_de,detras_de,shutterstock_8604685,,,,X,,,
la torta,cake,,蛋糕,Food,Names,✓,x (pixelada),oas_eng_cake,oas_spa_la_torta,torta,,,,X,,,,
lejos (de),far,,远,Conversation,Directions,✓,✓,oas_eng_far,oas_spa_lejos_(de),lejos,,,,X,,,,
al lado de,next to,,在...旁边,Conversation,Directions,✓,✓,oas_eng_next_to,oas_spa_al_lado_de,al_lado_de,shutterstock_446593294,,,,X,,,
al otro lado de,across,,横过；对面,Conversation,Directions,✓,✓,oas_eng_across,oas_spa_al_otro_lado_de,al_otro_lado,shutterstock_343050926,,,,X,,,
encima de,on top of,,在...之上,Conversation,Directions,✓,✓,oas_eng_on_top_of,oas_spa_encima_de,encima,shutterstock_106653557,,,,X,,,
debajo de,underneath,,在...之下,Conversation,Directions,✓,✓,oas_eng_underneath,oas_spa_debajo_de,debajo,shutterstock_449589640,,,,X,,,
"(todo) derecho, (todo) recto (Esp.)",straight ahead,,直走,Conversation,Directions,✓,✓,oas_eng_straight_ahead,oas_spa_(todo)_derecho,derecho,shutterstock_110870906,,,,X,,,
a la derecha,to (on) the right,,在右手边,Conversation,Directions,✓,✓,oas_eng_to_(on)_the_right,oas_spa_a_la_derecha,a_la_derecha,,,,X,,,,
el traje de baño,swimsuit,,泳衣,Clothing,,✓,x (pixelada),oas_eng_swimsuit,oas_spa_el_traje_de_bano,traje_de_bano_banador,,,,X,,,,
arriba,up,,上,Conversation,Directions,✓,x,oas_eng_up,oas_spa_arriba,,,,,X,,,,
abajo,down,,下,Conversation,Directions,x,✓,oas_eng_down,oas_spa_abajo,down,shutterstock_127224164,,,,X,,,
Los destinos,DESTINATIONS,,目的地,Conversation,Destinations,NA,NA,oas_eng_destinations,oas_spa_los_destinos,destinos,shutterstock_191290916,,,,X,,,
Estoy buscando ...,I’m looking for a/an ...,,我正在找一（个）___,Conversation,Destinations,✓,✓,oas_eng_im_looking_for_a/an____,oas_spa_estoy_buscando____,estoy_buscando,shutterstock_100248272,,,,X,,,
¿Hay .... cerca?,Is there a/an ... nearby?,,附近有没有一（个）_____？,Conversation,Destinations,✓,✓,oas_eng_is_there_a/an_______nearby?,oas_spa_hay_______cerca,hay_cerca,shutterstock_315026633,,,,X,,,
una galería de arte,art gallery,,画廊,Conversation,Destinations,✓,x,oas_eng_art_gallery,oas_spa_una_galeria_de_arte,galeria_de_arte,,,,X,,,,
un bar,bar,,酒吧,Conversation,Destinations,✓,x,oas_eng_bar,oas_spa_un_bar,bar,,,,,X,,,
una peluquería,barbershop,,理发店（男性）,Conversation,Destinations,✓,✓,oas_eng_barbershop,oas_spa_una_peluqueria,peluqueria,shutterstock_468060422,,,,X,,,
una catedral,church,,教堂,Conversation,Destinations,✓,✓,oas_eng_church,oas_spa_una_catedral,catedral,shutterstock_322475954,,,X,,,,
el tren,train,,火车,Traveling,Airport,✓,x (pixelada),oas_eng_train,oas_spa_el_tren,tren,,,,X,,,,
una fábrica,factory,,工厂,Conversation,Destinations,✓,✓,oas_eng_factory,oas_spa_una_fabrica,fabrica,shutterstock_306665246,,,,X,,,
un taller,workshop,,作坊,Conversation,Destinations,✓,✓,oas_eng_workshop,oas_spa_un_taller,taller,shutterstock_442241902,,,,X,,,
un salón de belleza,hairdresser,,理发师,Conversation,Destinations,✓,x,oas_eng_hairdresser,oas_spa_un_salon_de_belleza,,,,,X,,,,
"un gimnasio, un club de salud",health club,,健身房,Conversation,Destinations,✓,✓,oas_eng_health_club,oas_spa_un_gimnasio,gimnasio,shutterstock_414409300,,,,X,,,
un hotel,hotel,,饭店,Conversation,Destinations,✓,✓,oas_eng_hotel,oas_spa_un_hotel,hotel,,,,X,,,,
una pensión,guest house,,招待所,Conversation,Destinations,✓,✓,oas_eng_guest_house,oas_spa_una_pension,pension,shutterstock_49208401,,,,X,,,
"un café de Internet, un cibercafé",Internet café,,网吧,Conversation,Destinations,✓,✓,oas_eng_internet_café,oas_spa_un_cafe_de_internet,internet_cafe,shutterstock_315823100,,,,X,,,
un sitio histórico,historic site,,古迹,Conversation,Destinations,✓,✓,oas_eng_historic_site,oas_spa_un_sitio_historico,sitio_historico,shutterstock_128432399,,,,X,,,
una lavandería,laundry,,洗衣店,Conversation,Destinations,✓,x,oas_eng_laundry,oas_spa_una_lavanderia,lavanderia,,,,,X,,,
una tintorería,dry cleaner,,干洗店,Conversation,Destinations,✓,✓,oas_eng_dry_cleaner,oas_spa_una_tintoreria,tintoreria,shutterstock_164766650,,,,X,,,
una biblioteca,library,,图书馆,Conversation,Destinations,✓,✓,oas_eng_library,oas_spa_una_biblioteca,biblioteca,,,,X,,,,
el vaso,glass,,玻璃杯,Food,Table,✓,x (pixelada),oas_eng_glass,oas_spa_el_vaso,vaso,,,,X,,,,
la vela,candle,,蜡烛,Food,Table,✓,x (pixelada),oas_eng_candle,oas_spa_la_vela,vela,,,,X,,,,
una sinagoga,synagogue,,犹太教会堂,Conversation,Destinations,✓,✓,oas_eng_synagogue,oas_spa_una_sinagoga,sinagoga,,,,X,,,,
un museo,museum,,博物馆,Conversation,Destinations,✓,✓,oas_eng_museum,oas_spa_un_museo,museo,,,,X,,,,
un club nocturno,nightclub,,夜店,Conversation,Destinations,✓,x,oas_eng_nightclub,oas_spa_un_club_nocturno,club_nocturno,shutterstock_21834781,,,,X,,,
un parque,park,,公园,Conversation,Destinations,✓,✓,oas_eng_park,oas_spa_un_parque,parque,,,,X,,,,
un ventilador,fan,,电扇,Hotel,,✓,x (pixelada),oas_eng_fan,oas_spa_un_ventilador,ventilador,,,,X,,,,
una escuela,school,,学校,Conversation,Destinations,✓,✓,oas_eng_school,oas_spa_una_escuela,escuela,,,,X,,,,
una universidad,university,,大学,Conversation,Destinations,✓,✓,oas_eng_university,oas_spa_una_universidad,universidad,,,,X,,,,
una piscina,swimming pool,,游泳池,Conversation,Destinations,✓,✓,oas_eng_swimming_pool,oas_spa_una_piscina,piscina,,,,X,,,,
un estadio,stadium,,体育场,Conversation,Destinations,✓,✓,oas_eng_stadium,oas_spa_un_estadio,estadio,,,,X,,,,
una sastrería,tailor,,裁缝,Conversation,Destinations,✓,✓,oas_eng_tailor,oas_spa_una_sastreria,sastreria,shutterstock_157954199,,,,X,,,
"una cancha, una pista (Esp.) de tenis",tennis court,,网球场,Conversation,Destinations,✓,✓,oas_eng_tennis_court,oas_spa_una_cancha,cancha_tenis,shutterstock_60742306,,,,X,,,
un teatro,theater,,剧院,Conversation,Destinations,✓,✓,oas_eng_theater,oas_spa_un_teatro,teatro,,,,X,,,,
un cine,cinema,,电影,Conversation,Destinations,✓,✓,oas_eng_cinema,oas_spa_un_cine,cinema,shutterstock_115484515,,,,X,,,
la naturaleza,nature,,大自然,Nature,,NA,NA,oas_eng_nature,oas_spa_la_naturaleza,naturaleza,shutterstock_78664246,,,X,X,,,
los pájaros,birds,,鸟类,Nature,,✓,✓,oas_eng_birds,oas_spa_los_pajaros,pajaros,shutterstock_107144228,,,,X,,,
las abejas,bees,,蜂类,Nature,,✓,✓,oas_eng_bees,oas_spa_las_abejas,abejas,shutterstock_158087369,,,,X,,,
el desierto,desert,,沙漠,Nature,,✓,✓,oas_eng_desert,oas_spa_el_desierto,desierto,shutterstock_98832962,,,,X,,,
la arena,sand,,沙子,Nature,,✓,✓,oas_eng_sand,oas_spa_la_arena,arena,,,,X,,,,
el oasis,oasis,,绿洲,Nature,,✓,✓,oas_eng_oasis,oas_spa_el_oasis,oasis,shutterstock_150995012,,,,X,,,
la tierra,earth,,地球,Nature,,✓,✓,oas_eng_earth,oas_spa_la_tierra,tierra,shutterstock_155770043,,,,X,,,
el aire,air,,空气,Nature,,✓,✓,oas_eng_air,oas_spa_el_aire,aire,shutterstock_395982706,,,,X,,,
el fuego,fire,,火,Nature,,✓,✓,oas_eng_fire,oas_spa_el_fuego,fuego,,,,X,,,,
el agua,water,,水,Nature,,✓,✓,oas_eng_water,oas_spa_el_agua,agua,shutterstock_91363319,,,,X,,,
el bosque,forest,,森林,Nature,,✓,✓,oas_eng_forest,oas_spa_el_bosque,bosque,,,,X,,,,
el árbol,tree,,树,Nature,,✓,✓,oas_eng_tree,oas_spa_el_arbol,arbol,,,,X,,,,
la hoja,leaf,,叶,Nature,,✓,✓,oas_eng_leaf,oas_spa_la_hoja,hoja,,,,X,,,,
"la hierba, el pasto",grass,,草,Nature,,x,✓,oas_eng_grass,oas_spa_la_hierba,hierba,,,,X,,,,
la flor,flower,,花,Nature,,✓,✓,oas_eng_flower,oas_spa_la_flor,flor,,,,X,,,,
la selva,jungle,,丛林,Nature,,✓,✓,oas_eng_jungle,oas_spa_la_selva,selva_jungla,,,,X,,,,
el lago,lake,,湖,Nature,,✓,✓,oas_eng_lake,oas_spa_el_lago,lago,,,,X,,,,
el río,river,,河,Nature,,✓,✓,oas_eng_river,oas_spa_el_rio,rio,,,,X,,,,
la catarata,waterfall,,瀑布,Nature,,✓,✓,oas_eng_waterfall,oas_spa_la_catarata,catarata,,,,X,,,,
la montaña,mountain,,大山；山脉,Nature,,✓,✓,oas_eng_mountain,oas_spa_la_montana,montana,,,,X,,,,
"el cerro, la colina",hill,,小山；丘陵,Nature,,✓,✓,oas_eng_hill,oas_spa_el_cerro,colina,shutterstock_145991144,,,,X,,,
el valle,valley,,山谷,Nature,,✓,✓,oas_eng_valley,oas_spa_el_valle,valle,,,,X,,,,
las plantas,plants,,植物,Nature,,x,✓,oas_eng_plants,oas_spa_plantas,plantas,shutterstock_101983126,,,,X,,,
los animales,animals,,动物,Nature,,✓,✓,oas_eng_animals,oas_spa_los_animales,los_animales,shutterstock_77179114,,,,X,,,
el cielo,sky,,天空,Nature,,✓,✓,oas_eng_sky,oas_spa_el_cielo,cielo,,,,X,,,,
el sol,sun,,太阳,Nature,,✓,✓,oas_eng_sun,oas_spa_el_sol,sol,shutterstock_254396938,,,,X,,,
la luna,moon,,月亮,Nature,,✓,✓,oas_eng_moon,oas_spa_la_luna,luna,,,,X,,,,
la estrella,star,,星星,Nature,,✓,✓,oas_eng_star,oas_spa_la_estrella,estrella,,,,X,,,,
el mar,sea,,海,Nature,,✓,✓,oas_eng_sea,oas_spa_el_mar,mar,shutterstock_125680667,,,,X,,,
el océano,ocean,,大洋,Nature,,✓,✓,oas_eng_ocean,oas_spa_el_oceano,oceano,,,,X,,,,
la playa,beach,,海滩,Nature,,✓,✓,oas_eng_beach,oas_spa_la_playa,playa,,,,X,,,,
el volcán,volcano,,火山,Nature,,✓,✓,oas_eng_volcano,oas_spa_el_volcan,volcan,shutterstock_5493400,,,X,X,,,
las compras,Shopping,,购物,Conversation,Shopping,NA,NA,oas_eng_shopping,oas_spa_las_compras,compras,shutterstock_91464686,,,,X,,,
¡Vamos de compras!,Let’s go shopping!,,我们去购物吧！,Conversation,Shopping,✓,✓,oas_eng_lets_go_shopping,oas_spa_vamos_de_compras,vamos_de_compras,shutterstock_40053094,,,,X,,,
¿Dónde se puede cambiar dinero?,Where can one change money?,,在哪里可以换钱？,Conversation,Shopping,✓,✓,oas_eng_where_can_one_change_money?,oas_spa_donde_se_puede_cambiar_dinero,cambiar_dinero,shutterstock_14321878,,,,X,,,
¿Cuál es la tasa de cambio?,What is the exchange rate?,,汇率是多少？,Conversation,Shopping,✓,✓,oas_eng_what_is_the_exchange_rate?,oas_spa_cual_es_la_tasa_de_cambio,tasa_de_cambio,shutterstock_337568375,,,,X,,,
¿Cuánto cuesta?,How much does it cost?,,这要多少钱？,Conversation,Shopping,✓,✓,oas_eng_how_much_does_it_cost?,oas_spa_cuanto_cuesta,how_much_does_it_cost,shutterstock_220421158,,,,X,,,
¿Es su mejor precio?,Is this your best price?,,这是你最好的价格了吗？／不能再便宜了吗？,Conversation,Shopping,✓,✓,oas_eng_is_this_your_best_price?,oas_spa_es_su_mejor_precio,is_this_your_best_price,shutterstock_131685221,,,,X,,,
¿Tiene Ud. algo ... ?,Do you have something ... ?,algo _____,你有_____吗？,Conversation,Shopping,x,✓,oas_eng_do_you_have_something______,oas_spa_tiene_ud,do_you_have_something,shutterstock_135194174,,,,X,Corregir español: ¿Tiene Ud...?,,
el vestido,dress,,连衣裙,Clothing,,✓,x (pixelada y tamaño),oas_eng_dress,oas_spa_el_vestido,vestido,,,,X,,,,
menos caro,less expensive,,更便宜？,Conversation,Shopping,✓,✓,oas_eng_less_expensive?,oas_spa_menos_caro,menos_caro,shutterstock_88750561,,,,X,,,
más grande,bigger,,更大,Conversation,Shopping,✓,✓,oas_eng_bigger,oas_spa_mas_grande,larger,shutterstock_184897757,,,,X,,,
más pequeño?,smaller?,,更小？,Conversation,Shopping,✓,✓,oas_eng_smaller?,oas_spa_mas_pequeno,smaller,shutterstock_69687517,,,,X,,,
Sólo estoy mirando.,I’m just looking.,,我只是随便看看,Conversation,Shopping,✓,✓,oas_eng_im_just_looking,oas_spa_solo_estoy_mirando,solo_estoy_mirando,shutterstock_242018884,,,,X,,,
Busco un regalo.,I’m looking for a present.,,我在选一个礼物,Conversation,Shopping,✓,✓,oas_eng_im_looking_for_a_present,oas_spa_busco_un_regalo,busco_un_regalo,shutterstock_279987623,,,,X,,,
¿Puedo verlo?,May I see it?,,我可以看看吗？,Conversation,Shopping,✓,✓,oas_eng_may_i_see_it?,oas_spa_puedo_verlo,puedo_verlo,shutterstock_380833027,,,,X,,,
Me gustaría comprar/devolver esto.,I’d like to purchase/return this.,,我想买／退这个,Conversation,Shopping,✓,✓,oas_eng_id_like_to_purchase/return_this,oas_spa_me_gustaria_comprar/devolver_esto,me_gustaria_comprar,shutterstock_258325652,,,,X,,,
¿Dónde está la caja?,Where is the cashier?,,收银台在哪里？,Conversation,Shopping,✓,✓,oas_eng_where_is_the_cashier?,oas_spa_donde_esta_la_caja,donde_esta_la_caja,shutterstock_155957756,,,,X,,,
¿Se puede pagar con tarjeta de crédito?,May I pay with a credit card?,,我可以用信用卡支付吗？,Conversation,Shopping,✓,✓,oas_eng_may_i_pay_with_a_credit_card?,oas_spa_se_puede_pagar_con_tarjeta_de_credito,pagar_tarjeta,shutterstock_125063549,,,,X,,,
¿Puede enviar (mandar) esta carta/este paquete por correo aéreo?,Can you send this letter/package by air mail?,,您可以通过航空邮件寄这封信/包裹吗？,Conversation,Shopping,✓,✓,oas_eng_can_you_send_this_letter/package_by_air_mail?,oas_spa_puede_enviar_(mandar)_esta_carta/este_paquete_por_correo_aereo,enviar,shutterstock_309932594,,,,X,,,
Las tiendas,Stores,,商店,Conversation,Shopping,NA,NA,oas_eng_stores,oas_spa_las_tiendas,almacenes,shutterstock_443724523,,,,X,,,
la tienda de antigüedades,antique store,,古董店,Conversation,Shopping,✓,✓,oas_eng_antique_store,oas_spa_la_tienda_de_antigüedades,tienda_de_antiguedades,shutterstock_464748584,,,,X,,,
las artesanías,arts and crafts,,工艺美术品店,Conversation,Shopping,✓,✓,oas_eng_arts_and_crafts,oas_spa_las_artesanias,artesanias,shutterstock_472481386,,,,X,,,
"la panadería, la pastelería",bakery,,面包店,Conversation,Shopping,✓,✓,oas_eng_bakery,oas_spa_la_panaderia,panaderia,shutterstock_429408994,,,,X,,,
la librería,bookstore,,书店,Conversation,Shopping,✓,✓,oas_eng_bookstore,oas_spa_la_libreria,libreria,shutterstock_88396792,,,,X,,,
la carnicería,butcher,,肉店,Conversation,Shopping,✓,x,oas_eng_butcher,oas_spa_la_carniceria,,,,,X,,,,
la pescadería,fish market,,海鲜市场,Conversation,Shopping,✓,✓,oas_eng_fish_market,oas_spa_la_pescaderia,pescaderia,shutterstock_83567137,,,,X,,,
el (gran) almacén,department store,,百货商店,Conversation,Shopping,✓,x,oas_eng_department_store,oas_spa_el_(gran)_almacen,almacenes,,,,X,,,,
la floristería,florist,,花店,Conversation,Shopping,✓,✓,oas_eng_florist,oas_spa_la_floristeria,floristeria,shutterstock_449071993,,,,X,,,
la tienda de comestibles,grocery store,,杂货店,Conversation,Shopping,✓,✓,oas_eng_grocery_store,oas_spa_la_tienda_de_comestibles,tienda_de_comestibles,shutterstock_143885011,,,,X,,,
la ferretería,hardware store,,五金店,Conversation,Shopping,✓,✓,oas_eng_hardware_store,oas_spa_la_ferreteria,ferreteria,shutterstock_209131660,,,,X,,,
la joyería,jewelry store,,珠宝店,Conversation,Shopping,✓,x,oas_eng_jewelry_store,oas_spa_la_joyeria,joyeria,shutterstock_258518573,,,,X,,,
viernes,Friday,,星期五,Time,Days,✓,x (pixelada),oas_eng_friday,oas_spa_viernes,viernes,,,,X,,,,
el mercado al aire libre,open-air market,,露天集市,Conversation,Shopping,✓,✓,oas_eng_open-air_market,oas_spa_el_mercado_al_aire_libre,mercado_al_aire_libre,shutterstock_17206642,,,,X,,,
la zapatería,shoe store,,鞋店,Conversation,Shopping,✓,x,oas_eng_shoe_store,oas_spa_la_zapateria,zapateria,shutterstock_160349570,,,,X,,,
el vino,wine,,红酒,Food,Drink,✓,x (pixelada),oas_eng_wine,oas_spa_el_vino,vino,,,,X,,,,
las actividades,activities,,活动,Activities,,NA,NA,oas_eng_activities,oas_spa_las_actividades,activities,shutterstock_69520627,,,,X,,,
el ciclismo,bicycling,,骑自行车,Activities,,✓,✓,oas_eng_bicycling,oas_spa_el_ciclismo,ciclismo,shutterstock_225069496,,,,X,,,
el motociclismo,motorcycling,,骑摩托车,Activities,,✓,x,oas_eng_motorcycling,oas_spa_el_motociclismo,motorciclismo,shutterstock_281683259,,,,X,,,
el baile,dancing,,跳舞,Activities,,✓,✓,oas_eng_dancing,oas_spa_el_baile,baile,shutterstock_131840108,,,,X,,,
el senderismo,hiking,,登山,Activities,,✓,✓,oas_eng_hiking,oas_spa_el_senderismo,camping,shutterstock_458498518,,,,X,,,
el cámping,camping,,野营,Activities,,✓,✓ (esta imagen está repetida en senderismo),oas_eng_camping,oas_spa_el_camping,camping,shutterstock_458498518,,,,X,,,
la navegación a vela,sailing,,帆船,Activities,,✓,x,oas_eng_sailing,oas_spa_la_navegacion_a_vela,,,,,X,,,,
el paseo en barco,boating,,划船,Activities,,✓,x,oas_eng_boating,oas_spa_el_paseo_en_barco,,,,,X,,,,
la zanahoria,carrot,,胡萝卜,Food,Names,✓,x (pixelada),oas_eng_carrot,oas_spa_la_zanahoria,zanahoria,shutterstock_138247652,,,,X,,,
los zapatos,shoes,,鞋,Clothing,,✓,x (pixelada),oas_eng_shoes,oas_spa_los_zapatos,zapatos,,,,X,,,,
la natación,swimming,,游泳,Activities,,✓,✓,oas_eng_swimming,oas_spa_la_natacion,natacion,,,,X,,,,
el submarinismo,scuba diving,,潜水,Activities,,✓,x (esta repetida en swimming),oas_eng_scuba_diving,oas_spa_el_submarinismo,natacion,,,,X,,,,
